10linebet.poker	Linebet	https://raw.githubusercontent.com/hagezi/dns-blocklists/main/wildcard/gambling-onlydomains.txt
1xbanglabet.com	Banglabet	https://raw.githubusercontent.com/hagezi/dns-blocklists/main/wildcard/gambling-onlydomains.txt
1xbanglabet.net	Banglabet	https://raw.githubusercontent.com/hagezi/dns-blocklists/main/wildcard/gambling-onlydomains.txt
88betvisa.com	Betvisa	https://raw.githubusercontent.com/hagezi/dns-blocklists/main/wildcard/gambling-onlydomains.txt
9jeetwin.com	Jeetwin	https://raw.githubusercontent.com/hagezi/dns-blocklists/main/wildcard/gambling-onlydomains.txt
babu88.games	Babu88	https://raw.githubusercontent.com/hagezi/dns-blocklists/main/wildcard/gambling-onlydomains.txt
babu88.gold	Babu88	https://raw.githubusercontent.com/hagezi/dns-blocklists/main/wildcard/gambling-onlydomains.txt
babu88.net	Babu88	https://raw.githubusercontent.com/hagezi/dns-blocklists/main/wildcard/gambling-onlydomains.txt
babu88.poker	Babu88	https://raw.githubusercontent.com/hagezi/dns-blocklists/main/wildcard/gambling-onlydomains.txt
babu88-casino.org	Babu88	https://raw.githubusercontent.com/hagezi/dns-blocklists/main/wildcard/gambling-onlydomains.txt
babu88-casino-bd.org	Babu88	https://raw.githubusercontent.com/hagezi/dns-blocklists/main/wildcard/gambling-onlydomains.txt
babu88-casinos.com	Babu88	https://raw.githubusercontent.com/hagezi/dns-blocklists/main/wildcard/gambling-onlydomains.txt
babu88-slots.net	Babu88	https://raw.githubusercontent.com/hagezi/dns-blocklists/main/wildcard/gambling-onlydomains.txt
babu88-win.net	Babu88	https://raw.githubusercontent.com/hagezi/dns-blocklists/main/wildcard/gambling-onlydomains.txt
babu88-win.online	Babu88	https://raw.githubusercontent.com/hagezi/dns-blocklists/main/wildcard/gambling-onlydomains.txt
babu888.casino	Babu88	https://raw.githubusercontent.com/hagezi/dns-blocklists/main/wildcard/gambling-onlydomains.txt
babu88bd.com	Babu88	https://raw.githubusercontent.com/hagezi/dns-blocklists/main/wildcard/gambling-onlydomains.txt
babu88bets.net	Babu88	https://raw.githubusercontent.com/hagezi/dns-blocklists/main/wildcard/gambling-onlydomains.txt
babu88casino.bet	Babu88	https://raw.githubusercontent.com/hagezi/dns-blocklists/main/wildcard/gambling-onlydomains.txt
babu88casino.life	Babu88	https://raw.githubusercontent.com/hagezi/dns-blocklists/main/wildcard/gambling-onlydomains.txt
babu88casino.live	Babu88	https://raw.githubusercontent.com/hagezi/dns-blocklists/main/wildcard/gambling-onlydomains.txt
babu88casino-bangladesh.com	Babu88	https://raw.githubusercontent.com/hagezi/dns-blocklists/main/wildcard/gambling-onlydomains.txt
babu88casino-bgd.org	Babu88	https://raw.githubusercontent.com/hagezi/dns-blocklists/main/wildcard/gambling-onlydomains.txt
babu88casinobangladesh.org	Babu88	https://raw.githubusercontent.com/hagezi/dns-blocklists/main/wildcard/gambling-onlydomains.txt
babu88f.com	Babu88	https://raw.githubusercontent.com/hagezi/dns-blocklists/main/wildcard/gambling-onlydomains.txt
babu88p.com	Babu88	https://raw.githubusercontent.com/hagezi/dns-blocklists/main/wildcard/gambling-onlydomains.txt
baji999.cfd	Baji	https://raw.githubusercontent.com/hagezi/dns-blocklists/main/wildcard/gambling-onlydomains.txt
baji999-casino.com	Baji	https://raw.githubusercontent.com/hagezi/dns-blocklists/main/wildcard/gambling-onlydomains.txt
baji999-win.com	Baji	https://raw.githubusercontent.com/hagezi/dns-blocklists/main/wildcard/gambling-onlydomains.txt
baji999bd.live	Baji	https://raw.githubusercontent.com/hagezi/dns-blocklists/main/wildcard/gambling-onlydomains.txt
baji999bets.com	Baji	https://raw.githubusercontent.com/hagezi/dns-blocklists/main/wildcard/gambling-onlydomains.txt
bajibet-bet.com	Baji	https://raw.githubusercontent.com/hagezi/dns-blocklists/main/wildcard/gambling-onlydomains.txt
bajibet-ind.com	Baji	https://raw.githubusercontent.com/hagezi/dns-blocklists/main/wildcard/gambling-onlydomains.txt
bajibets.org	Baji	https://raw.githubusercontent.com/hagezi/dns-blocklists/main/wildcard/gambling-onlydomains.txt
bajicasino.asia	Baji	https://raw.githubusercontent.com/hagezi/dns-blocklists/main/wildcard/gambling-onlydomains.txt
bajicasino.bar	Baji	https://raw.githubusercontent.com/hagezi/dns-blocklists/main/wildcard/gambling-onlydomains.txt
bajicasino.bio	Baji	https://raw.githubusercontent.com/hagezi/dns-blocklists/main/wildcard/gambling-onlydomains.txt
bajicasino.biz	Baji	https://raw.githubusercontent.com/hagezi/dns-blocklists/main/wildcard/gambling-onlydomains.txt
bajicasino.cyou	Baji	https://raw.githubusercontent.com/hagezi/dns-blocklists/main/wildcard/gambling-onlydomains.txt
bajicasino.icu	Baji	https://raw.githubusercontent.com/hagezi/dns-blocklists/main/wildcard/gambling-onlydomains.txt
bajicasino.one	Baji	https://raw.githubusercontent.com/hagezi/dns-blocklists/main/wildcard/gambling-onlydomains.txt
bajicasino.pw	Baji	https://raw.githubusercontent.com/hagezi/dns-blocklists/main/wildcard/gambling-onlydomains.txt
bajicasino.shop	Baji	https://raw.githubusercontent.com/hagezi/dns-blocklists/main/wildcard/gambling-onlydomains.txt
bajicasino.site	Baji	https://raw.githubusercontent.com/hagezi/dns-blocklists/main/wildcard/gambling-onlydomains.txt
bajicasino.store	Baji	https://raw.githubusercontent.com/hagezi/dns-blocklists/main/wildcard/gambling-onlydomains.txt
bajicasino.top	Baji	https://raw.githubusercontent.com/hagezi/dns-blocklists/main/wildcard/gambling-onlydomains.txt
bajicasino.vip	Baji	https://raw.githubusercontent.com/hagezi/dns-blocklists/main/wildcard/gambling-onlydomains.txt
bajicasino.wine	Baji	https://raw.githubusercontent.com/hagezi/dns-blocklists/main/wildcard/gambling-onlydomains.txt
bajicasino.xyz	Baji	https://raw.githubusercontent.com/hagezi/dns-blocklists/main/wildcard/gambling-onlydomains.txt
bajicasino1.com	Baji	https://raw.githubusercontent.com/hagezi/dns-blocklists/main/wildcard/gambling-onlydomains.txt
bajicasino2.com	Baji	https://raw.githubusercontent.com/hagezi/dns-blocklists/main/wildcard/gambling-onlydomains.txt
bajicasino3.com	Baji	https://raw.githubusercontent.com/hagezi/dns-blocklists/main/wildcard/gambling-onlydomains.txt
bajicasino4.com	Baji	https://raw.githubusercontent.com/hagezi/dns-blocklists/main/wildcard/gambling-onlydomains.txt
bajicasino5.com	Baji	https://raw.githubusercontent.com/hagezi/dns-blocklists/main/wildcard/gambling-onlydomains.txt
bajicasino6.com	Baji	https://raw.githubusercontent.com/hagezi/dns-blocklists/main/wildcard/gambling-onlydomains.txt
bajilive.art	Baji	https://raw.githubusercontent.com/hagezi/dns-blocklists/main/wildcard/gambling-onlydomains.txt
bajilive.buzz	Baji	https://raw.githubusercontent.com/hagezi/dns-blocklists/main/wildcard/gambling-onlydomains.txt
bajilive.space	Baji	https://raw.githubusercontent.com/hagezi/dns-blocklists/main/wildcard/gambling-onlydomains.txt
bajilive-casino.org	Baji	https://raw.githubusercontent.com/hagezi/dns-blocklists/main/wildcard/gambling-onlydomains.txt
bajilive-win.com	Baji	https://raw.githubusercontent.com/hagezi/dns-blocklists/main/wildcard/gambling-onlydomains.txt
bajilive888.com	Baji	https://raw.githubusercontent.com/hagezi/dns-blocklists/main/wildcard/gambling-onlydomains.txt
bajilive999bd.click	Baji	https://raw.githubusercontent.com/hagezi/dns-blocklists/main/wildcard/gambling-onlydomains.txt
bajilivecasino.bet	Baji	https://raw.githubusercontent.com/hagezi/dns-blocklists/main/wildcard/gambling-onlydomains.txt
bajilivecasino.click	Baji	https://raw.githubusercontent.com/hagezi/dns-blocklists/main/wildcard/gambling-onlydomains.txt
bajilivecasino.live	Baji	https://raw.githubusercontent.com/hagezi/dns-blocklists/main/wildcard/gambling-onlydomains.txt
bajilivecasino.top	Baji	https://raw.githubusercontent.com/hagezi/dns-blocklists/main/wildcard/gambling-onlydomains.txt
bajimat.online	Baji	https://raw.githubusercontent.com/hagezi/dns-blocklists/main/wildcard/gambling-onlydomains.txt
bajimatbet.asia	Baji	https://raw.githubusercontent.com/hagezi/dns-blocklists/main/wildcard/gambling-onlydomains.txt
bajimatbet.com	Baji	https://raw.githubusercontent.com/hagezi/dns-blocklists/main/wildcard/gambling-onlydomains.txt
bajimatcasino.asia	Baji	https://raw.githubusercontent.com/hagezi/dns-blocklists/main/wildcard/gambling-onlydomains.txt
bajimatcasino.com	Baji	https://raw.githubusercontent.com/hagezi/dns-blocklists/main/wildcard/gambling-onlydomains.txt
bajislots.net	Baji	https://raw.githubusercontent.com/hagezi/dns-blocklists/main/wildcard/gambling-onlydomains.txt
bajislots.org	Baji	https://raw.githubusercontent.com/hagezi/dns-blocklists/main/wildcard/gambling-onlydomains.txt
bajislots.pro	Baji	https://raw.githubusercontent.com/hagezi/dns-blocklists/main/wildcard/gambling-onlydomains.txt
banglabet.cam	Banglabet	https://raw.githubusercontent.com/hagezi/dns-blocklists/main/wildcard/gambling-onlydomains.txt
banglabet.fr	Banglabet	https://raw.githubusercontent.com/hagezi/dns-blocklists/main/wildcard/gambling-onlydomains.txt
banglabet.ltd	Banglabet	https://raw.githubusercontent.com/hagezi/dns-blocklists/main/wildcard/gambling-onlydomains.txt
banglabet.vin	Banglabet	https://raw.githubusercontent.com/hagezi/dns-blocklists/main/wildcard/gambling-onlydomains.txt
banglabet.work	Banglabet	https://raw.githubusercontent.com/hagezi/dns-blocklists/main/wildcard/gambling-onlydomains.txt
banglabet.xyz	Banglabet	https://raw.githubusercontent.com/hagezi/dns-blocklists/main/wildcard/gambling-onlydomains.txt
banglabet-bangladesh.com	Banglabet	https://raw.githubusercontent.com/hagezi/dns-blocklists/main/wildcard/gambling-onlydomains.txt
banglabet-bd.site	Banglabet	https://raw.githubusercontent.com/hagezi/dns-blocklists/main/wildcard/gambling-onlydomains.txt
banglabet-online.com	Banglabet	https://raw.githubusercontent.com/hagezi/dns-blocklists/main/wildcard/gambling-onlydomains.txt
banglabet24.com	Banglabet	https://raw.githubusercontent.com/hagezi/dns-blocklists/main/wildcard/gambling-onlydomains.txt
banglabet365.app	Banglabet	https://raw.githubusercontent.com/hagezi/dns-blocklists/main/wildcard/gambling-onlydomains.txt
banglabet365.bet	Banglabet	https://raw.githubusercontent.com/hagezi/dns-blocklists/main/wildcard/gambling-onlydomains.txt
banglabet365.com	Banglabet	https://raw.githubusercontent.com/hagezi/dns-blocklists/main/wildcard/gambling-onlydomains.txt
banglabet365.net	Banglabet	https://raw.githubusercontent.com/hagezi/dns-blocklists/main/wildcard/gambling-onlydomains.txt
banglabet77.asia	Banglabet	https://raw.githubusercontent.com/hagezi/dns-blocklists/main/wildcard/gambling-onlydomains.txt
banglabet77.best	Banglabet	https://raw.githubusercontent.com/hagezi/dns-blocklists/main/wildcard/gambling-onlydomains.txt
banglabet77.bid	Banglabet	https://raw.githubusercontent.com/hagezi/dns-blocklists/main/wildcard/gambling-onlydomains.txt
banglabet77.casino	Banglabet	https://raw.githubusercontent.com/hagezi/dns-blocklists/main/wildcard/gambling-onlydomains.txt
banglabet77.com	Banglabet	https://raw.githubusercontent.com/hagezi/dns-blocklists/main/wildcard/gambling-onlydomains.txt
banglabet77.games	Banglabet	https://raw.githubusercontent.com/hagezi/dns-blocklists/main/wildcard/gambling-onlydomains.txt
banglabet77.one	Banglabet	https://raw.githubusercontent.com/hagezi/dns-blocklists/main/wildcard/gambling-onlydomains.txt
banglabet77.site	Banglabet	https://raw.githubusercontent.com/hagezi/dns-blocklists/main/wildcard/gambling-onlydomains.txt
banglabet77.win	Banglabet	https://raw.githubusercontent.com/hagezi/dns-blocklists/main/wildcard/gambling-onlydomains.txt
banglabet77com.net	Banglabet	https://raw.githubusercontent.com/hagezi/dns-blocklists/main/wildcard/gambling-onlydomains.txt
banglabet77com.org	Banglabet	https://raw.githubusercontent.com/hagezi/dns-blocklists/main/wildcard/gambling-onlydomains.txt
banglabet8.com	Banglabet	https://raw.githubusercontent.com/hagezi/dns-blocklists/main/wildcard/gambling-onlydomains.txt
banglabet8.net	Banglabet	https://raw.githubusercontent.com/hagezi/dns-blocklists/main/wildcard/gambling-onlydomains.txt
banglabet88.club	Banglabet	https://raw.githubusercontent.com/hagezi/dns-blocklists/main/wildcard/gambling-onlydomains.txt
banglabet88.fyi	Banglabet	https://raw.githubusercontent.com/hagezi/dns-blocklists/main/wildcard/gambling-onlydomains.txt
banglabet88.info	Banglabet	https://raw.githubusercontent.com/hagezi/dns-blocklists/main/wildcard/gambling-onlydomains.txt
banglabet88.run	Banglabet	https://raw.githubusercontent.com/hagezi/dns-blocklists/main/wildcard/gambling-onlydomains.txt
banglabet88.vin	Banglabet	https://raw.githubusercontent.com/hagezi/dns-blocklists/main/wildcard/gambling-onlydomains.txt
banglabet88.wine	Banglabet	https://raw.githubusercontent.com/hagezi/dns-blocklists/main/wildcard/gambling-onlydomains.txt
banglabet888.com	Banglabet	https://raw.githubusercontent.com/hagezi/dns-blocklists/main/wildcard/gambling-onlydomains.txt
banglabet8888.com	Banglabet	https://raw.githubusercontent.com/hagezi/dns-blocklists/main/wildcard/gambling-onlydomains.txt
banglabeta.app	Banglabet	https://raw.githubusercontent.com/hagezi/dns-blocklists/main/wildcard/gambling-onlydomains.txt
banglabeta.com	Banglabet	https://raw.githubusercontent.com/hagezi/dns-blocklists/main/wildcard/gambling-onlydomains.txt
banglabeta.net	Banglabet	https://raw.githubusercontent.com/hagezi/dns-blocklists/main/wildcard/gambling-onlydomains.txt
banglabeta.pro	Banglabet	https://raw.githubusercontent.com/hagezi/dns-blocklists/main/wildcard/gambling-onlydomains.txt
banglabetaff.com	Banglabet	https://raw.githubusercontent.com/hagezi/dns-blocklists/main/wildcard/gambling-onlydomains.txt
banglabetaffiliated.click	Banglabet	https://raw.githubusercontent.com/hagezi/dns-blocklists/main/wildcard/gambling-onlydomains.txt
banglabetb.com	Banglabet	https://raw.githubusercontent.com/hagezi/dns-blocklists/main/wildcard/gambling-onlydomains.txt
banglabetbangla.com	Banglabet	https://raw.githubusercontent.com/hagezi/dns-blocklists/main/wildcard/gambling-onlydomains.txt
banglabetbanglabet.com	Banglabet	https://raw.githubusercontent.com/hagezi/dns-blocklists/main/wildcard/gambling-onlydomains.txt
banglabetbet.com	Banglabet	https://raw.githubusercontent.com/hagezi/dns-blocklists/main/wildcard/gambling-onlydomains.txt
banglabetbo.com	Banglabet	https://raw.githubusercontent.com/hagezi/dns-blocklists/main/wildcard/gambling-onlydomains.txt
banglabetcasino-bd.com	Banglabet	https://raw.githubusercontent.com/hagezi/dns-blocklists/main/wildcard/gambling-onlydomains.txt
banglabetclub.com	Banglabet	https://raw.githubusercontent.com/hagezi/dns-blocklists/main/wildcard/gambling-onlydomains.txt
banglabetcom.app	Banglabet	https://raw.githubusercontent.com/hagezi/dns-blocklists/main/wildcard/gambling-onlydomains.txt
banglabetcom.org	Banglabet	https://raw.githubusercontent.com/hagezi/dns-blocklists/main/wildcard/gambling-onlydomains.txt
banglabetgames.com	Banglabet	https://raw.githubusercontent.com/hagezi/dns-blocklists/main/wildcard/gambling-onlydomains.txt
banglabethub.com	Banglabet	https://raw.githubusercontent.com/hagezi/dns-blocklists/main/wildcard/gambling-onlydomains.txt
banglabetplay.com	Banglabet	https://raw.githubusercontent.com/hagezi/dns-blocklists/main/wildcard/gambling-onlydomains.txt
banglabets.com	Banglabet	https://raw.githubusercontent.com/hagezi/dns-blocklists/main/wildcard/gambling-onlydomains.txt
banglabets.org	Banglabet	https://raw.githubusercontent.com/hagezi/dns-blocklists/main/wildcard/gambling-onlydomains.txt
banglabets-bd.com	Banglabet	https://raw.githubusercontent.com/hagezi/dns-blocklists/main/wildcard/gambling-onlydomains.txt
banglabets-bd.net	Banglabet	https://raw.githubusercontent.com/hagezi/dns-blocklists/main/wildcard/gambling-onlydomains.txt
banglabetsweet.com	Banglabet	https://raw.githubusercontent.com/hagezi/dns-blocklists/main/wildcard/gambling-onlydomains.txt
bbanglabet.com	Banglabet	https://raw.githubusercontent.com/hagezi/dns-blocklists/main/wildcard/gambling-onlydomains.txt
bbbanglabet.asia	Banglabet	https://raw.githubusercontent.com/hagezi/dns-blocklists/main/wildcard/gambling-onlydomains.txt
bbbanglabet.best	Banglabet	https://raw.githubusercontent.com/hagezi/dns-blocklists/main/wildcard/gambling-onlydomains.txt
bbbanglabet.bid	Banglabet	https://raw.githubusercontent.com/hagezi/dns-blocklists/main/wildcard/gambling-onlydomains.txt
bbbanglabet.bio	Banglabet	https://raw.githubusercontent.com/hagezi/dns-blocklists/main/wildcard/gambling-onlydomains.txt
bbbanglabet.casino	Banglabet	https://raw.githubusercontent.com/hagezi/dns-blocklists/main/wildcard/gambling-onlydomains.txt
bbbanglabet.click	Banglabet	https://raw.githubusercontent.com/hagezi/dns-blocklists/main/wildcard/gambling-onlydomains.txt
bbbanglabet.club	Banglabet	https://raw.githubusercontent.com/hagezi/dns-blocklists/main/wildcard/gambling-onlydomains.txt
bbbanglabet.fyi	Banglabet	https://raw.githubusercontent.com/hagezi/dns-blocklists/main/wildcard/gambling-onlydomains.txt
bbbanglabet.games	Banglabet	https://raw.githubusercontent.com/hagezi/dns-blocklists/main/wildcard/gambling-onlydomains.txt
bbbanglabet.lat	Banglabet	https://raw.githubusercontent.com/hagezi/dns-blocklists/main/wildcard/gambling-onlydomains.txt
bbbanglabet.one	Banglabet	https://raw.githubusercontent.com/hagezi/dns-blocklists/main/wildcard/gambling-onlydomains.txt
bbbanglabet.onl	Banglabet	https://raw.githubusercontent.com/hagezi/dns-blocklists/main/wildcard/gambling-onlydomains.txt
bbbanglabet.pro	Banglabet	https://raw.githubusercontent.com/hagezi/dns-blocklists/main/wildcard/gambling-onlydomains.txt
bbbanglabet.site	Banglabet	https://raw.githubusercontent.com/hagezi/dns-blocklists/main/wildcard/gambling-onlydomains.txt
bbbanglabet.vin	Banglabet	https://raw.githubusercontent.com/hagezi/dns-blocklists/main/wildcard/gambling-onlydomains.txt
bd-bajilivecasino.com	Baji	https://raw.githubusercontent.com/hagezi/dns-blocklists/main/wildcard/gambling-onlydomains.txt
bd-bajislots.com	Baji	https://raw.githubusercontent.com/hagezi/dns-blocklists/main/wildcard/gambling-onlydomains.txt
bd-bdtwin.com	BDTWin	https://raw.githubusercontent.com/hagezi/dns-blocklists/main/wildcard/gambling-onlydomains.txt
bd-jeetbuzzcasino.com	Jeetbuzz	https://raw.githubusercontent.com/hagezi/dns-blocklists/main/wildcard/gambling-onlydomains.txt
bd-krikyacasino.com	Krikya	https://raw.githubusercontent.com/hagezi/dns-blocklists/main/wildcard/gambling-onlydomains.txt
bd-linebetcasino.com	Linebet	https://raw.githubusercontent.com/hagezi/dns-blocklists/main/wildcard/gambling-onlydomains.txt
bd-linebetslots.com	Linebet	https://raw.githubusercontent.com/hagezi/dns-blocklists/main/wildcard/gambling-onlydomains.txt
bd-linebetsports.com	Linebet	https://raw.githubusercontent.com/hagezi/dns-blocklists/main/wildcard/gambling-onlydomains.txt
bd-mcwcasino.com	Mega Casino World	https://raw.githubusercontent.com/hagezi/dns-blocklists/main/wildcard/gambling-onlydomains.txt
bd-mostplaycasino.com	Mostplay	https://raw.githubusercontent.com/hagezi/dns-blocklists/main/wildcard/gambling-onlydomains.txt
bdbanglabetlogin.com	Banglabet	https://raw.githubusercontent.com/hagezi/dns-blocklists/main/wildcard/gambling-onlydomains.txt
bdcasinomcw.com	Mega Casino World	https://raw.githubusercontent.com/hagezi/dns-blocklists/main/wildcard/gambling-onlydomains.txt
bdmcwcasinologin.com	Mega Casino World	https://raw.githubusercontent.com/hagezi/dns-blocklists/main/wildcard/gambling-onlydomains.txt
bdmegacasinoworld.com	Mega Casino World	https://raw.githubusercontent.com/hagezi/dns-blocklists/main/wildcard/gambling-onlydomains.txt
bdmoreeglorycasino.com	Glory Casino	https://raw.githubusercontent.com/hagezi/dns-blocklists/main/wildcard/gambling-onlydomains.txt
bdmostplaycasino.com	Mostplay	https://raw.githubusercontent.com/hagezi/dns-blocklists/main/wildcard/gambling-onlydomains.txt
bdonlineglorycasino.com	Glory Casino	https://raw.githubusercontent.com/hagezi/dns-blocklists/main/wildcard/gambling-onlydomains.txt
bdtbet.online	Bdtbet	https://raw.githubusercontent.com/hagezi/dns-blocklists/main/wildcard/gambling-onlydomains.txt
bdtbetcasino.asia	Bdtbet	https://raw.githubusercontent.com/hagezi/dns-blocklists/main/wildcard/gambling-onlydomains.txt
bdtwin.net	BDTWin	https://raw.githubusercontent.com/hagezi/dns-blocklists/main/wildcard/gambling-onlydomains.txt
bdtwin-bd.com	BDTWin	https://raw.githubusercontent.com/hagezi/dns-blocklists/main/wildcard/gambling-onlydomains.txt
bdtwin-bd.net	BDTWin	https://raw.githubusercontent.com/hagezi/dns-blocklists/main/wildcard/gambling-onlydomains.txt
bdtwin-bet.com	BDTWin	https://raw.githubusercontent.com/hagezi/dns-blocklists/main/wildcard/gambling-onlydomains.txt
bdtwin-game.com	BDTWin	https://raw.githubusercontent.com/hagezi/dns-blocklists/main/wildcard/gambling-onlydomains.txt
bdtwin1.com	BDTWin	https://raw.githubusercontent.com/hagezi/dns-blocklists/main/wildcard/gambling-onlydomains.txt
bdtwin2.com	BDTWin	https://raw.githubusercontent.com/hagezi/dns-blocklists/main/wildcard/gambling-onlydomains.txt
bdtwin4.com	BDTWin	https://raw.githubusercontent.com/hagezi/dns-blocklists/main/wildcard/gambling-onlydomains.txt
bet-babu888.com	Babu88	https://raw.githubusercontent.com/hagezi/dns-blocklists/main/wildcard/gambling-onlydomains.txt
bet-banglabet.com	Banglabet	https://raw.githubusercontent.com/hagezi/dns-blocklists/main/wildcard/gambling-onlydomains.txt
bet-bdtwin.com	BDTWin	https://raw.githubusercontent.com/hagezi/dns-blocklists/main/wildcard/gambling-onlydomains.txt
bet-bhaggo-casino.com	Bhaggo	https://raw.githubusercontent.com/hagezi/dns-blocklists/main/wildcard/gambling-onlydomains.txt
bet-mcw-casino.com	Mega Casino World	https://raw.githubusercontent.com/hagezi/dns-blocklists/main/wildcard/gambling-onlydomains.txt
betjili.pro	Betjili	https://raw.githubusercontent.com/hagezi/dns-blocklists/main/wildcard/gambling-onlydomains.txt
betjili.wiki	Betjili	https://raw.githubusercontent.com/hagezi/dns-blocklists/main/wildcard/gambling-onlydomains.txt
betjili-app.net	Betjili	https://raw.githubusercontent.com/hagezi/dns-blocklists/main/wildcard/gambling-onlydomains.txt
betjili-jit.com	Betjili	https://raw.githubusercontent.com/hagezi/dns-blocklists/main/wildcard/gambling-onlydomains.txt
betjili-jit.net	Betjili	https://raw.githubusercontent.com/hagezi/dns-blocklists/main/wildcard/gambling-onlydomains.txt
betjili-khelo.com	Betjili	https://raw.githubusercontent.com/hagezi/dns-blocklists/main/wildcard/gambling-onlydomains.txt
betjili168.win	Betjili	https://raw.githubusercontent.com/hagezi/dns-blocklists/main/wildcard/gambling-onlydomains.txt
betjili3-65.com	Betjili	https://raw.githubusercontent.com/hagezi/dns-blocklists/main/wildcard/gambling-onlydomains.txt
betjili36-5.com	Betjili	https://raw.githubusercontent.com/hagezi/dns-blocklists/main/wildcard/gambling-onlydomains.txt
betjili365-bet.com	Betjili	https://raw.githubusercontent.com/hagezi/dns-blocklists/main/wildcard/gambling-onlydomains.txt
betjilibd.io	Betjili	https://raw.githubusercontent.com/hagezi/dns-blocklists/main/wildcard/gambling-onlydomains.txt
betjilicasino.bet	Betjili	https://raw.githubusercontent.com/hagezi/dns-blocklists/main/wildcard/gambling-onlydomains.txt
betjilicasino.cfd	Betjili	https://raw.githubusercontent.com/hagezi/dns-blocklists/main/wildcard/gambling-onlydomains.txt
betjilicasino.click	Betjili	https://raw.githubusercontent.com/hagezi/dns-blocklists/main/wildcard/gambling-onlydomains.txt
betjilicasino.cyou	Betjili	https://raw.githubusercontent.com/hagezi/dns-blocklists/main/wildcard/gambling-onlydomains.txt
betjilicasino.online	Betjili	https://raw.githubusercontent.com/hagezi/dns-blocklists/main/wildcard/gambling-onlydomains.txt
betjilicasino.sbs	Betjili	https://raw.githubusercontent.com/hagezi/dns-blocklists/main/wildcard/gambling-onlydomains.txt
betsix6s.com	Six6s	https://raw.githubusercontent.com/hagezi/dns-blocklists/main/wildcard/gambling-onlydomains.txt
betvisa.bio	Betvisa	https://raw.githubusercontent.com/hagezi/dns-blocklists/main/wildcard/gambling-onlydomains.txt
betvisa.casino	Betvisa	https://raw.githubusercontent.com/hagezi/dns-blocklists/main/wildcard/gambling-onlydomains.txt
betvisa.dog	Betvisa	https://raw.githubusercontent.com/hagezi/dns-blocklists/main/wildcard/gambling-onlydomains.txt
betvisa.games	Betvisa	https://raw.githubusercontent.com/hagezi/dns-blocklists/main/wildcard/gambling-onlydomains.txt
betvisa.info	Betvisa	https://raw.githubusercontent.com/hagezi/dns-blocklists/main/wildcard/gambling-onlydomains.txt
betvisa.poker	Betvisa	https://raw.githubusercontent.com/hagezi/dns-blocklists/main/wildcard/gambling-onlydomains.txt
betvisa-affiliates.com	Betvisa	https://raw.githubusercontent.com/hagezi/dns-blocklists/main/wildcard/gambling-onlydomains.txt
betvisa-bangla.net	Betvisa	https://raw.githubusercontent.com/hagezi/dns-blocklists/main/wildcard/gambling-onlydomains.txt
betvisa-bd.live	Betvisa	https://raw.githubusercontent.com/hagezi/dns-blocklists/main/wildcard/gambling-onlydomains.txt
betvisa-bd.online	Betvisa	https://raw.githubusercontent.com/hagezi/dns-blocklists/main/wildcard/gambling-onlydomains.txt
betvisa-bd.top	Betvisa	https://raw.githubusercontent.com/hagezi/dns-blocklists/main/wildcard/gambling-onlydomains.txt
betvisa-casino.me	Betvisa	https://raw.githubusercontent.com/hagezi/dns-blocklists/main/wildcard/gambling-onlydomains.txt
betvisa-casino.store	Betvisa	https://raw.githubusercontent.com/hagezi/dns-blocklists/main/wildcard/gambling-onlydomains.txt
betvisabd.lol	Betvisa	https://raw.githubusercontent.com/hagezi/dns-blocklists/main/wildcard/gambling-onlydomains.txt
betvisacasino.app	Betvisa	https://raw.githubusercontent.com/hagezi/dns-blocklists/main/wildcard/gambling-onlydomains.txt
betvisacasino.online	Betvisa	https://raw.githubusercontent.com/hagezi/dns-blocklists/main/wildcard/gambling-onlydomains.txt
betvisacasino.top	Betvisa	https://raw.githubusercontent.com/hagezi/dns-blocklists/main/wildcard/gambling-onlydomains.txt
betvisacasinosapk.uk	Betvisa	https://raw.githubusercontent.com/hagezi/dns-blocklists/main/wildcard/gambling-onlydomains.txt
betvisaonline.xyz	Betvisa	https://raw.githubusercontent.com/hagezi/dns-blocklists/main/wildcard/gambling-onlydomains.txt
betvisaonline-casino.com	Betvisa	https://raw.githubusercontent.com/hagezi/dns-blocklists/main/wildcard/gambling-onlydomains.txt
bhaggobetsignup.com	Bhaggo	https://raw.githubusercontent.com/hagezi/dns-blocklists/main/wildcard/gambling-onlydomains.txt
bhaggocasino.bet	Bhaggo	https://raw.githubusercontent.com/hagezi/dns-blocklists/main/wildcard/gambling-onlydomains.txt
bhaggocasino.click	Bhaggo	https://raw.githubusercontent.com/hagezi/dns-blocklists/main/wildcard/gambling-onlydomains.txt
bonus-linebet.com	Linebet	https://raw.githubusercontent.com/hagezi/dns-blocklists/main/wildcard/gambling-onlydomains.txt
casino-betjili.com	Betjili	https://raw.githubusercontent.com/hagezi/dns-blocklists/main/wildcard/gambling-onlydomains.txt
casino-betvisa.com	Betvisa	https://raw.githubusercontent.com/hagezi/dns-blocklists/main/wildcard/gambling-onlydomains.txt
casino-crickex.com	Crickex	https://raw.githubusercontent.com/hagezi/dns-blocklists/main/wildcard/gambling-onlydomains.txt
casino-crickex-app.com	Crickex	https://raw.githubusercontent.com/hagezi/dns-blocklists/main/wildcard/gambling-onlydomains.txt
casino-crickex-login.com	Crickex	https://raw.githubusercontent.com/hagezi/dns-blocklists/main/wildcard/gambling-onlydomains.txt
casinobabu88.com	Babu88	https://raw.githubusercontent.com/hagezi/dns-blocklists/main/wildcard/gambling-onlydomains.txt
casinobabu88.net	Babu88	https://raw.githubusercontent.com/hagezi/dns-blocklists/main/wildcard/gambling-onlydomains.txt
casinobaji.app	Baji	https://raw.githubusercontent.com/hagezi/dns-blocklists/main/wildcard/gambling-onlydomains.txt
casinobaji.org	Baji	https://raw.githubusercontent.com/hagezi/dns-blocklists/main/wildcard/gambling-onlydomains.txt
casinobaji.pro	Baji	https://raw.githubusercontent.com/hagezi/dns-blocklists/main/wildcard/gambling-onlydomains.txt
casinobaji.win	Baji	https://raw.githubusercontent.com/hagezi/dns-blocklists/main/wildcard/gambling-onlydomains.txt
casinobanglabet-bd.com	Banglabet	https://raw.githubusercontent.com/hagezi/dns-blocklists/main/wildcard/gambling-onlydomains.txt
casinocv666.app	CV666	https://raw.githubusercontent.com/hagezi/dns-blocklists/main/wildcard/gambling-onlydomains.txt
casinocv666.com	CV666	https://raw.githubusercontent.com/hagezi/dns-blocklists/main/wildcard/gambling-onlydomains.txt
casinocv666.net	CV666	https://raw.githubusercontent.com/hagezi/dns-blocklists/main/wildcard/gambling-onlydomains.txt
casinocv666.org	CV666	https://raw.githubusercontent.com/hagezi/dns-blocklists/main/wildcard/gambling-onlydomains.txt
casinojeetwin.com	Jeetwin	https://raw.githubusercontent.com/hagezi/dns-blocklists/main/wildcard/gambling-onlydomains.txt
casinokhela88.com	Khela88	https://raw.githubusercontent.com/hagezi/dns-blocklists/main/wildcard/gambling-onlydomains.txt
casinokrikya.net	Krikya	https://raw.githubusercontent.com/hagezi/dns-blocklists/main/wildcard/gambling-onlydomains.txt
casinokrikya-bd.com	Krikya	https://raw.githubusercontent.com/hagezi/dns-blocklists/main/wildcard/gambling-onlydomains.txt
casinomcw.bar	Mega Casino World	https://raw.githubusercontent.com/hagezi/dns-blocklists/main/wildcard/gambling-onlydomains.txt
casinomcw.blog	Mega Casino World	https://raw.githubusercontent.com/hagezi/dns-blocklists/main/wildcard/gambling-onlydomains.txt
casinomcw.buzz	Mega Casino World	https://raw.githubusercontent.com/hagezi/dns-blocklists/main/wildcard/gambling-onlydomains.txt
casinomcw.click	Mega Casino World	https://raw.githubusercontent.com/hagezi/dns-blocklists/main/wildcard/gambling-onlydomains.txt
casinomcw.com	Mega Casino World	https://raw.githubusercontent.com/hagezi/dns-blocklists/main/wildcard/gambling-onlydomains.txt
casinomcw.cyou	Mega Casino World	https://raw.githubusercontent.com/hagezi/dns-blocklists/main/wildcard/gambling-onlydomains.txt
casinomcw.lat	Mega Casino World	https://raw.githubusercontent.com/hagezi/dns-blocklists/main/wildcard/gambling-onlydomains.txt
casinomcw.mobi	Mega Casino World	https://raw.githubusercontent.com/hagezi/dns-blocklists/main/wildcard/gambling-onlydomains.txt
casinomcw.onl	Mega Casino World	https://raw.githubusercontent.com/hagezi/dns-blocklists/main/wildcard/gambling-onlydomains.txt
casinomcw.page	Mega Casino World	https://raw.githubusercontent.com/hagezi/dns-blocklists/main/wildcard/gambling-onlydomains.txt
casinomcw.run	Mega Casino World	https://raw.githubusercontent.com/hagezi/dns-blocklists/main/wildcard/gambling-onlydomains.txt
casinomcw.world	Mega Casino World	https://raw.githubusercontent.com/hagezi/dns-blocklists/main/wildcard/gambling-onlydomains.txt
casinomcw.ws	Mega Casino World	https://raw.githubusercontent.com/hagezi/dns-blocklists/main/wildcard/gambling-onlydomains.txt
casinomcw-bangladesh.com	Mega Casino World	https://raw.githubusercontent.com/hagezi/dns-blocklists/main/wildcard/gambling-onlydomains.txt
casinomcw-me.com	Mega Casino World	https://raw.githubusercontent.com/hagezi/dns-blocklists/main/wildcard/gambling-onlydomains.txt
casinomcw19.net	Mega Casino World	https://raw.githubusercontent.com/hagezi/dns-blocklists/main/wildcard/gambling-onlydomains.txt
casinomcw19.org	Mega Casino World	https://raw.githubusercontent.com/hagezi/dns-blocklists/main/wildcard/gambling-onlydomains.txt
casinomcw19bet.com	Mega Casino World	https://raw.githubusercontent.com/hagezi/dns-blocklists/main/wildcard/gambling-onlydomains.txt
casinomcw678.net	Mega Casino World	https://raw.githubusercontent.com/hagezi/dns-blocklists/main/wildcard/gambling-onlydomains.txt
casinomcw77.life	Mega Casino World	https://raw.githubusercontent.com/hagezi/dns-blocklists/main/wildcard/gambling-onlydomains.txt
casinomcw77.website	Mega Casino World	https://raw.githubusercontent.com/hagezi/dns-blocklists/main/wildcard/gambling-onlydomains.txt
casinomcw88.net	Mega Casino World	https://raw.githubusercontent.com/hagezi/dns-blocklists/main/wildcard/gambling-onlydomains.txt
casinomcwbangladesh.com	Mega Casino World	https://raw.githubusercontent.com/hagezi/dns-blocklists/main/wildcard/gambling-onlydomains.txt
casinomcwbet.net	Mega Casino World	https://raw.githubusercontent.com/hagezi/dns-blocklists/main/wildcard/gambling-onlydomains.txt
casinomcwcambodia.com	Mega Casino World	https://raw.githubusercontent.com/hagezi/dns-blocklists/main/wildcard/gambling-onlydomains.txt
casinomcwcom.com	Mega Casino World	https://raw.githubusercontent.com/hagezi/dns-blocklists/main/wildcard/gambling-onlydomains.txt
casinomcwdabet.com	Mega Casino World	https://raw.githubusercontent.com/hagezi/dns-blocklists/main/wildcard/gambling-onlydomains.txt
casinomcwlobet.com	Mega Casino World	https://raw.githubusercontent.com/hagezi/dns-blocklists/main/wildcard/gambling-onlydomains.txt
casinomcwlogin.info	Mega Casino World	https://raw.githubusercontent.com/hagezi/dns-blocklists/main/wildcard/gambling-onlydomains.txt
casinomcwphp.net	Mega Casino World	https://raw.githubusercontent.com/hagezi/dns-blocklists/main/wildcard/gambling-onlydomains.txt
casinomcwplay.com	Mega Casino World	https://raw.githubusercontent.com/hagezi/dns-blocklists/main/wildcard/gambling-onlydomains.txt
casinomcwslot.com	Mega Casino World	https://raw.githubusercontent.com/hagezi/dns-blocklists/main/wildcard/gambling-onlydomains.txt
casinomcwviet.com	Mega Casino World	https://raw.githubusercontent.com/hagezi/dns-blocklists/main/wildcard/gambling-onlydomains.txt
casinomcwvietnam.co	Mega Casino World	https://raw.githubusercontent.com/hagezi/dns-blocklists/main/wildcard/gambling-onlydomains.txt
casinomcwvip.net	Mega Casino World	https://raw.githubusercontent.com/hagezi/dns-blocklists/main/wildcard/gambling-onlydomains.txt
casinomcwvn.live	Mega Casino World	https://raw.githubusercontent.com/hagezi/dns-blocklists/main/wildcard/gambling-onlydomains.txt
crickex.tv	Crickex	https://raw.githubusercontent.com/hagezi/dns-blocklists/main/wildcard/gambling-onlydomains.txt
crickexcasino.biz	Crickex	https://raw.githubusercontent.com/hagezi/dns-blocklists/main/wildcard/gambling-onlydomains.txt
crickexcasino.click	Crickex	https://raw.githubusercontent.com/hagezi/dns-blocklists/main/wildcard/gambling-onlydomains.txt
crickexcasino.pro	Crickex	https://raw.githubusercontent.com/hagezi/dns-blocklists/main/wildcard/gambling-onlydomains.txt
crickexcasino.site	Crickex	https://raw.githubusercontent.com/hagezi/dns-blocklists/main/wildcard/gambling-onlydomains.txt
crickexcasino.top	Crickex	https://raw.githubusercontent.com/hagezi/dns-blocklists/main/wildcard/gambling-onlydomains.txt
crickexcasinobd.net	Crickex	https://raw.githubusercontent.com/hagezi/dns-blocklists/main/wildcard/gambling-onlydomains.txt
crickexch.com	Crickex	https://raw.githubusercontent.com/hagezi/dns-blocklists/main/wildcard/gambling-onlydomains.txt
cv666.net	CV666	https://raw.githubusercontent.com/hagezi/dns-blocklists/main/wildcard/gambling-onlydomains.txt
cv666-bet.com	CV666	https://raw.githubusercontent.com/hagezi/dns-blocklists/main/wildcard/gambling-onlydomains.txt
cv666-casino.net	CV666	https://raw.githubusercontent.com/hagezi/dns-blocklists/main/wildcard/gambling-onlydomains.txt
cv666casino.bet	CV666	https://raw.githubusercontent.com/hagezi/dns-blocklists/main/wildcard/gambling-onlydomains.txt
cv666casino.org	CV666	https://raw.githubusercontent.com/hagezi/dns-blocklists/main/wildcard/gambling-onlydomains.txt
cv666casino.pro	CV666	https://raw.githubusercontent.com/hagezi/dns-blocklists/main/wildcard/gambling-onlydomains.txt
cv666casino.win	CV666	https://raw.githubusercontent.com/hagezi/dns-blocklists/main/wildcard/gambling-onlydomains.txt
easybajicasino.com	Baji	https://raw.githubusercontent.com/hagezi/dns-blocklists/main/wildcard/gambling-onlydomains.txt
gamebanglabet.com	Banglabet	https://raw.githubusercontent.com/hagezi/dns-blocklists/main/wildcard/gambling-onlydomains.txt
glory-casino-bangladesh.com	Glory Casino	https://raw.githubusercontent.com/hagezi/dns-blocklists/main/wildcard/gambling-onlydomains.txt
glory-casino-bd.com	Glory Casino	https://raw.githubusercontent.com/hagezi/dns-blocklists/main/wildcard/gambling-onlydomains.txt
glory-casino-bd-guide.com	Glory Casino	https://raw.githubusercontent.com/hagezi/dns-blocklists/main/wildcard/gambling-onlydomains.txt
glory-casino-bd2026.com	Glory Casino	https://raw.githubusercontent.com/hagezi/dns-blocklists/main/wildcard/gambling-onlydomains.txt
glorycasino-bangladesh.ink	Glory Casino	https://raw.githubusercontent.com/hagezi/dns-blocklists/main/wildcard/gambling-onlydomains.txt
glorycasino-bd.net	Glory Casino	https://raw.githubusercontent.com/hagezi/dns-blocklists/main/wildcard/gambling-onlydomains.txt
glorycasino-bd.org	Glory Casino	https://raw.githubusercontent.com/hagezi/dns-blocklists/main/wildcard/gambling-onlydomains.txt
glorycasino-bd.top	Glory Casino	https://raw.githubusercontent.com/hagezi/dns-blocklists/main/wildcard/gambling-onlydomains.txt
glorycasino-bd1.com	Glory Casino	https://raw.githubusercontent.com/hagezi/dns-blocklists/main/wildcard/gambling-onlydomains.txt
glorycasino24-bangladesh.com	Glory Casino	https://raw.githubusercontent.com/hagezi/dns-blocklists/main/wildcard/gambling-onlydomains.txt
glorycasinobd.site	Glory Casino	https://raw.githubusercontent.com/hagezi/dns-blocklists/main/wildcard/gambling-onlydomains.txt
glorycasinobd.space	Glory Casino	https://raw.githubusercontent.com/hagezi/dns-blocklists/main/wildcard/gambling-onlydomains.txt
glorycasinoobangladesh.com	Glory Casino	https://raw.githubusercontent.com/hagezi/dns-blocklists/main/wildcard/gambling-onlydomains.txt
glorycasinoonlinebangladesh.com	Glory Casino	https://raw.githubusercontent.com/hagezi/dns-blocklists/main/wildcard/gambling-onlydomains.txt
glorycasinos-bangladesh.net	Glory Casino	https://raw.githubusercontent.com/hagezi/dns-blocklists/main/wildcard/gambling-onlydomains.txt
glorycasinos-bangladesh.shop	Glory Casino	https://raw.githubusercontent.com/hagezi/dns-blocklists/main/wildcard/gambling-onlydomains.txt
glorycasinos-bd.net	Glory Casino	https://raw.githubusercontent.com/hagezi/dns-blocklists/main/wildcard/gambling-onlydomains.txt
glorycasinosbangladesh.com	Glory Casino	https://raw.githubusercontent.com/hagezi/dns-blocklists/main/wildcard/gambling-onlydomains.txt
hibajicasino.icu	Baji	https://raw.githubusercontent.com/hagezi/dns-blocklists/main/wildcard/gambling-onlydomains.txt
jaya9.biz	Jaya9	https://raw.githubusercontent.com/hagezi/dns-blocklists/main/wildcard/gambling-onlydomains.txt
jaya9.fit	Jaya9	https://raw.githubusercontent.com/hagezi/dns-blocklists/main/wildcard/gambling-onlydomains.txt
jaya9-bet.site	Jaya9	https://raw.githubusercontent.com/hagezi/dns-blocklists/main/wildcard/gambling-onlydomains.txt
jaya9-bets.com	Jaya9	https://raw.githubusercontent.com/hagezi/dns-blocklists/main/wildcard/gambling-onlydomains.txt
jaya9-casino.com	Jaya9	https://raw.githubusercontent.com/hagezi/dns-blocklists/main/wildcard/gambling-onlydomains.txt
jaya9-casino-bangladesh.com	Jaya9	https://raw.githubusercontent.com/hagezi/dns-blocklists/main/wildcard/gambling-onlydomains.txt
jaya9-casino-bd.org	Jaya9	https://raw.githubusercontent.com/hagezi/dns-blocklists/main/wildcard/gambling-onlydomains.txt
jaya9-casinos-bd.com	Jaya9	https://raw.githubusercontent.com/hagezi/dns-blocklists/main/wildcard/gambling-onlydomains.txt
jaya9-casinos-bd.net	Jaya9	https://raw.githubusercontent.com/hagezi/dns-blocklists/main/wildcard/gambling-onlydomains.txt
jaya9-online-casino.com	Jaya9	https://raw.githubusercontent.com/hagezi/dns-blocklists/main/wildcard/gambling-onlydomains.txt
jaya9-slots-bd.org	Jaya9	https://raw.githubusercontent.com/hagezi/dns-blocklists/main/wildcard/gambling-onlydomains.txt
jaya9bangladesh.com	Jaya9	https://raw.githubusercontent.com/hagezi/dns-blocklists/main/wildcard/gambling-onlydomains.txt
jaya9bangladesh.org	Jaya9	https://raw.githubusercontent.com/hagezi/dns-blocklists/main/wildcard/gambling-onlydomains.txt
jaya9bets.app	Jaya9	https://raw.githubusercontent.com/hagezi/dns-blocklists/main/wildcard/gambling-onlydomains.txt
jaya9bets.com	Jaya9	https://raw.githubusercontent.com/hagezi/dns-blocklists/main/wildcard/gambling-onlydomains.txt
jaya9bets.net	Jaya9	https://raw.githubusercontent.com/hagezi/dns-blocklists/main/wildcard/gambling-onlydomains.txt
jaya9bets.org	Jaya9	https://raw.githubusercontent.com/hagezi/dns-blocklists/main/wildcard/gambling-onlydomains.txt
jaya9casino.asia	Jaya9	https://raw.githubusercontent.com/hagezi/dns-blocklists/main/wildcard/gambling-onlydomains.txt
jaya9casino.bet	Jaya9	https://raw.githubusercontent.com/hagezi/dns-blocklists/main/wildcard/gambling-onlydomains.txt
jaya9casino.onl	Jaya9	https://raw.githubusercontent.com/hagezi/dns-blocklists/main/wildcard/gambling-onlydomains.txt
jaya9casino.pro	Jaya9	https://raw.githubusercontent.com/hagezi/dns-blocklists/main/wildcard/gambling-onlydomains.txt
jaya9casinobangladesh.org	Jaya9	https://raw.githubusercontent.com/hagezi/dns-blocklists/main/wildcard/gambling-onlydomains.txt
jaya9casinolive.com	Jaya9	https://raw.githubusercontent.com/hagezi/dns-blocklists/main/wildcard/gambling-onlydomains.txt
jaya9casinolivelogin.com	Jaya9	https://raw.githubusercontent.com/hagezi/dns-blocklists/main/wildcard/gambling-onlydomains.txt
jeetbanglabet.net	Banglabet	https://raw.githubusercontent.com/hagezi/dns-blocklists/main/wildcard/gambling-onlydomains.txt
jeetbuzz.bid	Jeetbuzz	https://raw.githubusercontent.com/hagezi/dns-blocklists/main/wildcard/gambling-onlydomains.txt
jeetbuzz.ink	Jeetbuzz	https://raw.githubusercontent.com/hagezi/dns-blocklists/main/wildcard/gambling-onlydomains.txt
jeetbuzz-bangladesh-casino.com	Jeetbuzz	https://raw.githubusercontent.com/hagezi/dns-blocklists/main/wildcard/gambling-onlydomains.txt
jeetbuzz-bd-casino.org	Jeetbuzz	https://raw.githubusercontent.com/hagezi/dns-blocklists/main/wildcard/gambling-onlydomains.txt
jeetbuzz-casino.net	Jeetbuzz	https://raw.githubusercontent.com/hagezi/dns-blocklists/main/wildcard/gambling-onlydomains.txt
jeetbuzz-casino.org	Jeetbuzz	https://raw.githubusercontent.com/hagezi/dns-blocklists/main/wildcard/gambling-onlydomains.txt
jeetbuzz-casino.top	Jeetbuzz	https://raw.githubusercontent.com/hagezi/dns-blocklists/main/wildcard/gambling-onlydomains.txt
jeetbuzz66.casino	Jeetbuzz	https://raw.githubusercontent.com/hagezi/dns-blocklists/main/wildcard/gambling-onlydomains.txt
jeetbuzzbdcasino.com	Jeetbuzz	https://raw.githubusercontent.com/hagezi/dns-blocklists/main/wildcard/gambling-onlydomains.txt
jeetbuzzcasino.click	Jeetbuzz	https://raw.githubusercontent.com/hagezi/dns-blocklists/main/wildcard/gambling-onlydomains.txt
jeetbuzzcasino.net	Jeetbuzz	https://raw.githubusercontent.com/hagezi/dns-blocklists/main/wildcard/gambling-onlydomains.txt
jeetbuzzcasino.org	Jeetbuzz	https://raw.githubusercontent.com/hagezi/dns-blocklists/main/wildcard/gambling-onlydomains.txt
jeetbuzzcasino.top	Jeetbuzz	https://raw.githubusercontent.com/hagezi/dns-blocklists/main/wildcard/gambling-onlydomains.txt
jeetbuzzcasino-bd.org	Jeetbuzz	https://raw.githubusercontent.com/hagezi/dns-blocklists/main/wildcard/gambling-onlydomains.txt
jeetbuzzonlinecasino.org	Jeetbuzz	https://raw.githubusercontent.com/hagezi/dns-blocklists/main/wildcard/gambling-onlydomains.txt
jeetwin.casino	Jeetwin	https://raw.githubusercontent.com/hagezi/dns-blocklists/main/wildcard/gambling-onlydomains.txt
jeetwin.ltd	Jeetwin	https://raw.githubusercontent.com/hagezi/dns-blocklists/main/wildcard/gambling-onlydomains.txt
jeetwin.poker	Jeetwin	https://raw.githubusercontent.com/hagezi/dns-blocklists/main/wildcard/gambling-onlydomains.txt
jeetwin.pro	Jeetwin	https://raw.githubusercontent.com/hagezi/dns-blocklists/main/wildcard/gambling-onlydomains.txt
jeetwin-apk.com	Jeetwin	https://raw.githubusercontent.com/hagezi/dns-blocklists/main/wildcard/gambling-onlydomains.txt
jeetwin-bangla.com	Jeetwin	https://raw.githubusercontent.com/hagezi/dns-blocklists/main/wildcard/gambling-onlydomains.txt
jeetwin-bd.online	Jeetwin	https://raw.githubusercontent.com/hagezi/dns-blocklists/main/wildcard/gambling-onlydomains.txt
jeetwin-ind.com	Jeetwin	https://raw.githubusercontent.com/hagezi/dns-blocklists/main/wildcard/gambling-onlydomains.txt
jeetwin-jit.com	Jeetwin	https://raw.githubusercontent.com/hagezi/dns-blocklists/main/wildcard/gambling-onlydomains.txt
jeetwin-jit.net	Jeetwin	https://raw.githubusercontent.com/hagezi/dns-blocklists/main/wildcard/gambling-onlydomains.txt
jeetwin-khelo.com	Jeetwin	https://raw.githubusercontent.com/hagezi/dns-blocklists/main/wildcard/gambling-onlydomains.txt
jeetwin-win.com	Jeetwin	https://raw.githubusercontent.com/hagezi/dns-blocklists/main/wildcard/gambling-onlydomains.txt
jeetwincasino.club	Jeetwin	https://raw.githubusercontent.com/hagezi/dns-blocklists/main/wildcard/gambling-onlydomains.txt
jeetwincasino.online	Jeetwin	https://raw.githubusercontent.com/hagezi/dns-blocklists/main/wildcard/gambling-onlydomains.txt
jeetwincasinos.in	Jeetwin	https://raw.githubusercontent.com/hagezi/dns-blocklists/main/wildcard/gambling-onlydomains.txt
jeetwins-in.net	Jeetwin	https://raw.githubusercontent.com/hagezi/dns-blocklists/main/wildcard/gambling-onlydomains.txt
krikya.app	Krikya	https://raw.githubusercontent.com/hagezi/dns-blocklists/main/wildcard/gambling-onlydomains.txt
krikya.io	Krikya	https://raw.githubusercontent.com/hagezi/dns-blocklists/main/wildcard/gambling-onlydomains.txt
krikya-casino.com	Krikya	https://raw.githubusercontent.com/hagezi/dns-blocklists/main/wildcard/gambling-onlydomains.txt
krikya-casino.net	Krikya	https://raw.githubusercontent.com/hagezi/dns-blocklists/main/wildcard/gambling-onlydomains.txt
krikya-casino.org	Krikya	https://raw.githubusercontent.com/hagezi/dns-blocklists/main/wildcard/gambling-onlydomains.txt
krikya-casino.site	Krikya	https://raw.githubusercontent.com/hagezi/dns-blocklists/main/wildcard/gambling-onlydomains.txt
krikya-casino.top	Krikya	https://raw.githubusercontent.com/hagezi/dns-blocklists/main/wildcard/gambling-onlydomains.txt
krikya-casino-bangladesh.org	Krikya	https://raw.githubusercontent.com/hagezi/dns-blocklists/main/wildcard/gambling-onlydomains.txt
krikya-casinos-bd.com	Krikya	https://raw.githubusercontent.com/hagezi/dns-blocklists/main/wildcard/gambling-onlydomains.txt
krikya-casinos-bd.net	Krikya	https://raw.githubusercontent.com/hagezi/dns-blocklists/main/wildcard/gambling-onlydomains.txt
krikya-online-casino.com	Krikya	https://raw.githubusercontent.com/hagezi/dns-blocklists/main/wildcard/gambling-onlydomains.txt
krikya-slots-bd.com	Krikya	https://raw.githubusercontent.com/hagezi/dns-blocklists/main/wildcard/gambling-onlydomains.txt
krikyabdcasino.com	Krikya	https://raw.githubusercontent.com/hagezi/dns-blocklists/main/wildcard/gambling-onlydomains.txt
krikyabdcasino.org	Krikya	https://raw.githubusercontent.com/hagezi/dns-blocklists/main/wildcard/gambling-onlydomains.txt
krikyabet-bd.online	Krikya	https://raw.githubusercontent.com/hagezi/dns-blocklists/main/wildcard/gambling-onlydomains.txt
krikyacasino.app	Krikya	https://raw.githubusercontent.com/hagezi/dns-blocklists/main/wildcard/gambling-onlydomains.txt
krikyacasino.click	Krikya	https://raw.githubusercontent.com/hagezi/dns-blocklists/main/wildcard/gambling-onlydomains.txt
krikyacasino.top	Krikya	https://raw.githubusercontent.com/hagezi/dns-blocklists/main/wildcard/gambling-onlydomains.txt
krikyacasino.world	Krikya	https://raw.githubusercontent.com/hagezi/dns-blocklists/main/wildcard/gambling-onlydomains.txt
krikyacasinobd.net	Krikya	https://raw.githubusercontent.com/hagezi/dns-blocklists/main/wildcard/gambling-onlydomains.txt
linebet.ke	Linebet	https://raw.githubusercontent.com/hagezi/dns-blocklists/main/wildcard/gambling-onlydomains.txt
linebet.partners	Linebet	https://raw.githubusercontent.com/hagezi/dns-blocklists/main/wildcard/gambling-onlydomains.txt
linebet-af.com	Linebet	https://raw.githubusercontent.com/hagezi/dns-blocklists/main/wildcard/gambling-onlydomains.txt
linebet-apk.click	Linebet	https://raw.githubusercontent.com/hagezi/dns-blocklists/main/wildcard/gambling-onlydomains.txt
linebet-app.com	Linebet	https://raw.githubusercontent.com/hagezi/dns-blocklists/main/wildcard/gambling-onlydomains.txt
linebet-arg.com	Linebet	https://raw.githubusercontent.com/hagezi/dns-blocklists/main/wildcard/gambling-onlydomains.txt
linebet-bd.online	Linebet	https://raw.githubusercontent.com/hagezi/dns-blocklists/main/wildcard/gambling-onlydomains.txt
linebet-cm.com	Linebet	https://raw.githubusercontent.com/hagezi/dns-blocklists/main/wildcard/gambling-onlydomains.txt
linebet-com.com	Linebet	https://raw.githubusercontent.com/hagezi/dns-blocklists/main/wildcard/gambling-onlydomains.txt
linebet-jit.com	Linebet	https://raw.githubusercontent.com/hagezi/dns-blocklists/main/wildcard/gambling-onlydomains.txt
linebet-ma.shop	Linebet	https://raw.githubusercontent.com/hagezi/dns-blocklists/main/wildcard/gambling-onlydomains.txt
linebet-official.com	Linebet	https://raw.githubusercontent.com/hagezi/dns-blocklists/main/wildcard/gambling-onlydomains.txt
linebet-online-uz.pro	Linebet	https://raw.githubusercontent.com/hagezi/dns-blocklists/main/wildcard/gambling-onlydomains.txt
linebet-pay.xyz	Linebet	https://raw.githubusercontent.com/hagezi/dns-blocklists/main/wildcard/gambling-onlydomains.txt
linebet-payme.xyz	Linebet	https://raw.githubusercontent.com/hagezi/dns-blocklists/main/wildcard/gambling-onlydomains.txt
linebet-review-uz.com	Linebet	https://raw.githubusercontent.com/hagezi/dns-blocklists/main/wildcard/gambling-onlydomains.txt
linebet-skachat-online-uz.pro	Linebet	https://raw.githubusercontent.com/hagezi/dns-blocklists/main/wildcard/gambling-onlydomains.txt
linebet-skachat-uz.pro	Linebet	https://raw.githubusercontent.com/hagezi/dns-blocklists/main/wildcard/gambling-onlydomains.txt
linebet-skachat1.ru	Linebet	https://raw.githubusercontent.com/hagezi/dns-blocklists/main/wildcard/gambling-onlydomains.txt
linebet-sport.com	Linebet	https://raw.githubusercontent.com/hagezi/dns-blocklists/main/wildcard/gambling-onlydomains.txt
linebet-sports.com	Linebet	https://raw.githubusercontent.com/hagezi/dns-blocklists/main/wildcard/gambling-onlydomains.txt
linebet-uz.top	Linebet	https://raw.githubusercontent.com/hagezi/dns-blocklists/main/wildcard/gambling-onlydomains.txt
linebet-uz-skachat-ios.pro	Linebet	https://raw.githubusercontent.com/hagezi/dns-blocklists/main/wildcard/gambling-onlydomains.txt
linebet-vip.com	Linebet	https://raw.githubusercontent.com/hagezi/dns-blocklists/main/wildcard/gambling-onlydomains.txt
linebet1099.com	Linebet	https://raw.githubusercontent.com/hagezi/dns-blocklists/main/wildcard/gambling-onlydomains.txt
linebetpayment.xyz	Linebet	https://raw.githubusercontent.com/hagezi/dns-blocklists/main/wildcard/gambling-onlydomains.txt
linebetpromo-ma.com	Linebet	https://raw.githubusercontent.com/hagezi/dns-blocklists/main/wildcard/gambling-onlydomains.txt
linebetsbd.com	Linebet	https://raw.githubusercontent.com/hagezi/dns-blocklists/main/wildcard/gambling-onlydomains.txt
linebetsite.com	Linebet	https://raw.githubusercontent.com/hagezi/dns-blocklists/main/wildcard/gambling-onlydomains.txt
marvelbet.ink	Marvelbet	https://raw.githubusercontent.com/hagezi/dns-blocklists/main/wildcard/gambling-onlydomains.txt
marvelbet-bd-guide.com	Marvelbet	https://raw.githubusercontent.com/hagezi/dns-blocklists/main/wildcard/gambling-onlydomains.txt
marvelbet-casino.com	Marvelbet	https://raw.githubusercontent.com/hagezi/dns-blocklists/main/wildcard/gambling-onlydomains.txt
marvelbetcasino.asia	Marvelbet	https://raw.githubusercontent.com/hagezi/dns-blocklists/main/wildcard/gambling-onlydomains.txt
marvelbetcasino.online	Marvelbet	https://raw.githubusercontent.com/hagezi/dns-blocklists/main/wildcard/gambling-onlydomains.txt
marvelbetcasino-bd.com	Marvelbet	https://raw.githubusercontent.com/hagezi/dns-blocklists/main/wildcard/gambling-onlydomains.txt
marvelbetsignup.com	Marvelbet	https://raw.githubusercontent.com/hagezi/dns-blocklists/main/wildcard/gambling-onlydomains.txt
marvelbetspin.com	Marvelbet	https://raw.githubusercontent.com/hagezi/dns-blocklists/main/wildcard/gambling-onlydomains.txt
mcw-bangladesh-casino.com	Mega Casino World	https://raw.githubusercontent.com/hagezi/dns-blocklists/main/wildcard/gambling-onlydomains.txt
mcw-bd-casino.org	Mega Casino World	https://raw.githubusercontent.com/hagezi/dns-blocklists/main/wildcard/gambling-onlydomains.txt
mcw-casino.com	Mega Casino World	https://raw.githubusercontent.com/hagezi/dns-blocklists/main/wildcard/gambling-onlydomains.txt
mcw-casino.de	Mega Casino World	https://raw.githubusercontent.com/hagezi/dns-blocklists/main/wildcard/gambling-onlydomains.txt
mcw-casino.net	Mega Casino World	https://raw.githubusercontent.com/hagezi/dns-blocklists/main/wildcard/gambling-onlydomains.txt
mcw-casino.top	Mega Casino World	https://raw.githubusercontent.com/hagezi/dns-blocklists/main/wildcard/gambling-onlydomains.txt
mcw-casino.website	Mega Casino World	https://raw.githubusercontent.com/hagezi/dns-blocklists/main/wildcard/gambling-onlydomains.txt
mcw-casino-arabia.com	Mega Casino World	https://raw.githubusercontent.com/hagezi/dns-blocklists/main/wildcard/gambling-onlydomains.txt
mcw-casino-bangla.com	Mega Casino World	https://raw.githubusercontent.com/hagezi/dns-blocklists/main/wildcard/gambling-onlydomains.txt
mcw-casino-bangladesh.com	Mega Casino World	https://raw.githubusercontent.com/hagezi/dns-blocklists/main/wildcard/gambling-onlydomains.txt
mcw-casino-sa.com	Mega Casino World	https://raw.githubusercontent.com/hagezi/dns-blocklists/main/wildcard/gambling-onlydomains.txt
mcw-casino1.net	Mega Casino World	https://raw.githubusercontent.com/hagezi/dns-blocklists/main/wildcard/gambling-onlydomains.txt
mcw-casino1.org	Mega Casino World	https://raw.githubusercontent.com/hagezi/dns-blocklists/main/wildcard/gambling-onlydomains.txt
mcw19.plus	Mega Casino World	https://raw.githubusercontent.com/hagezi/dns-blocklists/main/wildcard/gambling-onlydomains.txt
mcw19.pro	Mega Casino World	https://raw.githubusercontent.com/hagezi/dns-blocklists/main/wildcard/gambling-onlydomains.txt
mcw19.store	Mega Casino World	https://raw.githubusercontent.com/hagezi/dns-blocklists/main/wildcard/gambling-onlydomains.txt
mcw19casino.com	Mega Casino World	https://raw.githubusercontent.com/hagezi/dns-blocklists/main/wildcard/gambling-onlydomains.txt
mcw19casinologin.com	Mega Casino World	https://raw.githubusercontent.com/hagezi/dns-blocklists/main/wildcard/gambling-onlydomains.txt
mcw19casinovip.com	Mega Casino World	https://raw.githubusercontent.com/hagezi/dns-blocklists/main/wildcard/gambling-onlydomains.txt
mcw19casinowin.com	Mega Casino World	https://raw.githubusercontent.com/hagezi/dns-blocklists/main/wildcard/gambling-onlydomains.txt
mcw77.com	Mega Casino World	https://raw.githubusercontent.com/hagezi/dns-blocklists/main/wildcard/gambling-onlydomains.txt
mcw77.food	Mega Casino World	https://raw.githubusercontent.com/hagezi/dns-blocklists/main/wildcard/gambling-onlydomains.txt
mcw777vn.casino	Mega Casino World	https://raw.githubusercontent.com/hagezi/dns-blocklists/main/wildcard/gambling-onlydomains.txt
mcw77casino.app	Mega Casino World	https://raw.githubusercontent.com/hagezi/dns-blocklists/main/wildcard/gambling-onlydomains.txt
mcw77casino.org	Mega Casino World	https://raw.githubusercontent.com/hagezi/dns-blocklists/main/wildcard/gambling-onlydomains.txt
mcw77casino.store	Mega Casino World	https://raw.githubusercontent.com/hagezi/dns-blocklists/main/wildcard/gambling-onlydomains.txt
mcw77casinogame.com	Mega Casino World	https://raw.githubusercontent.com/hagezi/dns-blocklists/main/wildcard/gambling-onlydomains.txt
mcwbangla.net	Mega Casino World	https://raw.githubusercontent.com/hagezi/dns-blocklists/main/wildcard/gambling-onlydomains.txt
mcwbangladesh.org	Mega Casino World	https://raw.githubusercontent.com/hagezi/dns-blocklists/main/wildcard/gambling-onlydomains.txt
mcwcasino.bar	Mega Casino World	https://raw.githubusercontent.com/hagezi/dns-blocklists/main/wildcard/gambling-onlydomains.txt
mcwcasino.bio	Mega Casino World	https://raw.githubusercontent.com/hagezi/dns-blocklists/main/wildcard/gambling-onlydomains.txt
mcwcasino.boo	Mega Casino World	https://raw.githubusercontent.com/hagezi/dns-blocklists/main/wildcard/gambling-onlydomains.txt
mcwcasino.business	Mega Casino World	https://raw.githubusercontent.com/hagezi/dns-blocklists/main/wildcard/gambling-onlydomains.txt
mcwcasino.buzz	Mega Casino World	https://raw.githubusercontent.com/hagezi/dns-blocklists/main/wildcard/gambling-onlydomains.txt
mcwcasino.cafe	Mega Casino World	https://raw.githubusercontent.com/hagezi/dns-blocklists/main/wildcard/gambling-onlydomains.txt
mcwcasino.cam	Mega Casino World	https://raw.githubusercontent.com/hagezi/dns-blocklists/main/wildcard/gambling-onlydomains.txt
mcwcasino.casa	Mega Casino World	https://raw.githubusercontent.com/hagezi/dns-blocklists/main/wildcard/gambling-onlydomains.txt
mcwcasino.cfd	Mega Casino World	https://raw.githubusercontent.com/hagezi/dns-blocklists/main/wildcard/gambling-onlydomains.txt
mcwcasino.click	Mega Casino World	https://raw.githubusercontent.com/hagezi/dns-blocklists/main/wildcard/gambling-onlydomains.txt
mcwcasino.cool	Mega Casino World	https://raw.githubusercontent.com/hagezi/dns-blocklists/main/wildcard/gambling-onlydomains.txt
mcwcasino.cyou	Mega Casino World	https://raw.githubusercontent.com/hagezi/dns-blocklists/main/wildcard/gambling-onlydomains.txt
mcwcasino.day	Mega Casino World	https://raw.githubusercontent.com/hagezi/dns-blocklists/main/wildcard/gambling-onlydomains.txt
mcwcasino.digital	Mega Casino World	https://raw.githubusercontent.com/hagezi/dns-blocklists/main/wildcard/gambling-onlydomains.txt
mcwcasino.eu	Mega Casino World	https://raw.githubusercontent.com/hagezi/dns-blocklists/main/wildcard/gambling-onlydomains.txt
mcwcasino.fit	Mega Casino World	https://raw.githubusercontent.com/hagezi/dns-blocklists/main/wildcard/gambling-onlydomains.txt
mcwcasino.fund	Mega Casino World	https://raw.githubusercontent.com/hagezi/dns-blocklists/main/wildcard/gambling-onlydomains.txt
mcwcasino.guru	Mega Casino World	https://raw.githubusercontent.com/hagezi/dns-blocklists/main/wildcard/gambling-onlydomains.txt
mcwcasino.hot	Mega Casino World	https://raw.githubusercontent.com/hagezi/dns-blocklists/main/wildcard/gambling-onlydomains.txt
mcwcasino.io	Mega Casino World	https://raw.githubusercontent.com/hagezi/dns-blocklists/main/wildcard/gambling-onlydomains.txt
mcwcasino.mobi	Mega Casino World	https://raw.githubusercontent.com/hagezi/dns-blocklists/main/wildcard/gambling-onlydomains.txt
mcwcasino.mom	Mega Casino World	https://raw.githubusercontent.com/hagezi/dns-blocklists/main/wildcard/gambling-onlydomains.txt
mcwcasino.now	Mega Casino World	https://raw.githubusercontent.com/hagezi/dns-blocklists/main/wildcard/gambling-onlydomains.txt
mcwcasino.plus	Mega Casino World	https://raw.githubusercontent.com/hagezi/dns-blocklists/main/wildcard/gambling-onlydomains.txt
mcwcasino.promo	Mega Casino World	https://raw.githubusercontent.com/hagezi/dns-blocklists/main/wildcard/gambling-onlydomains.txt
mcwcasino.sale	Mega Casino World	https://raw.githubusercontent.com/hagezi/dns-blocklists/main/wildcard/gambling-onlydomains.txt
mcwcasino.shop	Mega Casino World	https://raw.githubusercontent.com/hagezi/dns-blocklists/main/wildcard/gambling-onlydomains.txt
mcwcasino.space	Mega Casino World	https://raw.githubusercontent.com/hagezi/dns-blocklists/main/wildcard/gambling-onlydomains.txt
mcwcasino.surf	Mega Casino World	https://raw.githubusercontent.com/hagezi/dns-blocklists/main/wildcard/gambling-onlydomains.txt
mcwcasino.tech	Mega Casino World	https://raw.githubusercontent.com/hagezi/dns-blocklists/main/wildcard/gambling-onlydomains.txt
mcwcasino.vip	Mega Casino World	https://raw.githubusercontent.com/hagezi/dns-blocklists/main/wildcard/gambling-onlydomains.txt
mcwcasino.website	Mega Casino World	https://raw.githubusercontent.com/hagezi/dns-blocklists/main/wildcard/gambling-onlydomains.txt
mcwcasino.work	Mega Casino World	https://raw.githubusercontent.com/hagezi/dns-blocklists/main/wildcard/gambling-onlydomains.txt
mcwcasino.world	Mega Casino World	https://raw.githubusercontent.com/hagezi/dns-blocklists/main/wildcard/gambling-onlydomains.txt
mcwcasino.you	Mega Casino World	https://raw.githubusercontent.com/hagezi/dns-blocklists/main/wildcard/gambling-onlydomains.txt
mcwcasino.zone	Mega Casino World	https://raw.githubusercontent.com/hagezi/dns-blocklists/main/wildcard/gambling-onlydomains.txt
mcwcasino-baji.com	Mega Casino World	https://raw.githubusercontent.com/hagezi/dns-blocklists/main/wildcard/gambling-onlydomains.txt
mcwcasino-bangla.com	Mega Casino World	https://raw.githubusercontent.com/hagezi/dns-blocklists/main/wildcard/gambling-onlydomains.txt
mcwcasino-bd.net	Mega Casino World	https://raw.githubusercontent.com/hagezi/dns-blocklists/main/wildcard/gambling-onlydomains.txt
mcwcasino-jit.com	Mega Casino World	https://raw.githubusercontent.com/hagezi/dns-blocklists/main/wildcard/gambling-onlydomains.txt
mcwcasino-khelo.com	Mega Casino World	https://raw.githubusercontent.com/hagezi/dns-blocklists/main/wildcard/gambling-onlydomains.txt
mcwcasino-login.com	Mega Casino World	https://raw.githubusercontent.com/hagezi/dns-blocklists/main/wildcard/gambling-onlydomains.txt
mcwcasino-mega.com	Mega Casino World	https://raw.githubusercontent.com/hagezi/dns-blocklists/main/wildcard/gambling-onlydomains.txt
mcwcasino-play.net	Mega Casino World	https://raw.githubusercontent.com/hagezi/dns-blocklists/main/wildcard/gambling-onlydomains.txt
mcwcasino-sa.com	Mega Casino World	https://raw.githubusercontent.com/hagezi/dns-blocklists/main/wildcard/gambling-onlydomains.txt
mcwcasino-vip.com	Mega Casino World	https://raw.githubusercontent.com/hagezi/dns-blocklists/main/wildcard/gambling-onlydomains.txt
mcwcasino1.org	Mega Casino World	https://raw.githubusercontent.com/hagezi/dns-blocklists/main/wildcard/gambling-onlydomains.txt
mcwcasino18login.net	Mega Casino World	https://raw.githubusercontent.com/hagezi/dns-blocklists/main/wildcard/gambling-onlydomains.txt
mcwcasino66.net	Mega Casino World	https://raw.githubusercontent.com/hagezi/dns-blocklists/main/wildcard/gambling-onlydomains.txt
mcwcasino77.com	Mega Casino World	https://raw.githubusercontent.com/hagezi/dns-blocklists/main/wildcard/gambling-onlydomains.txt
mcwcasinoapp.info	Mega Casino World	https://raw.githubusercontent.com/hagezi/dns-blocklists/main/wildcard/gambling-onlydomains.txt
mcwcasinoapp.net	Mega Casino World	https://raw.githubusercontent.com/hagezi/dns-blocklists/main/wildcard/gambling-onlydomains.txt
mcwcasinoapps.com	Mega Casino World	https://raw.githubusercontent.com/hagezi/dns-blocklists/main/wildcard/gambling-onlydomains.txt
mcwcasinobangladesh.co	Mega Casino World	https://raw.githubusercontent.com/hagezi/dns-blocklists/main/wildcard/gambling-onlydomains.txt
mcwcasinobd.bet	Mega Casino World	https://raw.githubusercontent.com/hagezi/dns-blocklists/main/wildcard/gambling-onlydomains.txt
mcwcasinobd.site	Mega Casino World	https://raw.githubusercontent.com/hagezi/dns-blocklists/main/wildcard/gambling-onlydomains.txt
mcwcasinoc.com	Mega Casino World	https://raw.githubusercontent.com/hagezi/dns-blocklists/main/wildcard/gambling-onlydomains.txt
mcwcasinoclub.com	Mega Casino World	https://raw.githubusercontent.com/hagezi/dns-blocklists/main/wildcard/gambling-onlydomains.txt
mcwcasinocom.com	Mega Casino World	https://raw.githubusercontent.com/hagezi/dns-blocklists/main/wildcard/gambling-onlydomains.txt
mcwcasinocom.net	Mega Casino World	https://raw.githubusercontent.com/hagezi/dns-blocklists/main/wildcard/gambling-onlydomains.txt
mcwcasinod.com	Mega Casino World	https://raw.githubusercontent.com/hagezi/dns-blocklists/main/wildcard/gambling-onlydomains.txt
mcwcasinof.net	Mega Casino World	https://raw.githubusercontent.com/hagezi/dns-blocklists/main/wildcard/gambling-onlydomains.txt
mcwcasinog.com	Mega Casino World	https://raw.githubusercontent.com/hagezi/dns-blocklists/main/wildcard/gambling-onlydomains.txt
mcwcasinoh.com	Mega Casino World	https://raw.githubusercontent.com/hagezi/dns-blocklists/main/wildcard/gambling-onlydomains.txt
mcwcasinoi.com	Mega Casino World	https://raw.githubusercontent.com/hagezi/dns-blocklists/main/wildcard/gambling-onlydomains.txt
mcwcasinoj.com	Mega Casino World	https://raw.githubusercontent.com/hagezi/dns-blocklists/main/wildcard/gambling-onlydomains.txt
mcwcasinoking.com	Mega Casino World	https://raw.githubusercontent.com/hagezi/dns-blocklists/main/wildcard/gambling-onlydomains.txt
mcwcasinol.com	Mega Casino World	https://raw.githubusercontent.com/hagezi/dns-blocklists/main/wildcard/gambling-onlydomains.txt
mcwcasinolive.online	Mega Casino World	https://raw.githubusercontent.com/hagezi/dns-blocklists/main/wildcard/gambling-onlydomains.txt
mcwcasinolkr.com	Mega Casino World	https://raw.githubusercontent.com/hagezi/dns-blocklists/main/wildcard/gambling-onlydomains.txt
mcwcasinologin.info	Mega Casino World	https://raw.githubusercontent.com/hagezi/dns-blocklists/main/wildcard/gambling-onlydomains.txt
mcwcasinon.com	Mega Casino World	https://raw.githubusercontent.com/hagezi/dns-blocklists/main/wildcard/gambling-onlydomains.txt
mcwcasinonew.com	Mega Casino World	https://raw.githubusercontent.com/hagezi/dns-blocklists/main/wildcard/gambling-onlydomains.txt
mcwcasinoo.com	Mega Casino World	https://raw.githubusercontent.com/hagezi/dns-blocklists/main/wildcard/gambling-onlydomains.txt
mcwcasinoofficial.com	Mega Casino World	https://raw.githubusercontent.com/hagezi/dns-blocklists/main/wildcard/gambling-onlydomains.txt
mcwcasinopg.com	Mega Casino World	https://raw.githubusercontent.com/hagezi/dns-blocklists/main/wildcard/gambling-onlydomains.txt
mcwcasinopk.com	Mega Casino World	https://raw.githubusercontent.com/hagezi/dns-blocklists/main/wildcard/gambling-onlydomains.txt
mcwcasinopro.com	Mega Casino World	https://raw.githubusercontent.com/hagezi/dns-blocklists/main/wildcard/gambling-onlydomains.txt
mcwcasinoq.com	Mega Casino World	https://raw.githubusercontent.com/hagezi/dns-blocklists/main/wildcard/gambling-onlydomains.txt
mcwcasinor.com	Mega Casino World	https://raw.githubusercontent.com/hagezi/dns-blocklists/main/wildcard/gambling-onlydomains.txt
mcwcasinos-bangladesh.com	Mega Casino World	https://raw.githubusercontent.com/hagezi/dns-blocklists/main/wildcard/gambling-onlydomains.txt
mcwcasinot.com	Mega Casino World	https://raw.githubusercontent.com/hagezi/dns-blocklists/main/wildcard/gambling-onlydomains.txt
mcwcasinotop.com	Mega Casino World	https://raw.githubusercontent.com/hagezi/dns-blocklists/main/wildcard/gambling-onlydomains.txt
mcwcasinov.com	Mega Casino World	https://raw.githubusercontent.com/hagezi/dns-blocklists/main/wildcard/gambling-onlydomains.txt
mcwcasinovip.net	Mega Casino World	https://raw.githubusercontent.com/hagezi/dns-blocklists/main/wildcard/gambling-onlydomains.txt
mcwmegacasino.buzz	Mega Casino World	https://raw.githubusercontent.com/hagezi/dns-blocklists/main/wildcard/gambling-onlydomains.txt
mcwmegacasino.click	Mega Casino World	https://raw.githubusercontent.com/hagezi/dns-blocklists/main/wildcard/gambling-onlydomains.txt
mcwmegacasino.lol	Mega Casino World	https://raw.githubusercontent.com/hagezi/dns-blocklists/main/wildcard/gambling-onlydomains.txt
mcwmegacasino.sbs	Mega Casino World	https://raw.githubusercontent.com/hagezi/dns-blocklists/main/wildcard/gambling-onlydomains.txt
mcwmegacasino.site	Mega Casino World	https://raw.githubusercontent.com/hagezi/dns-blocklists/main/wildcard/gambling-onlydomains.txt
megacasinoworld.bid	Mega Casino World	https://raw.githubusercontent.com/hagezi/dns-blocklists/main/wildcard/gambling-onlydomains.txt
megacasinoworld.click	Mega Casino World	https://raw.githubusercontent.com/hagezi/dns-blocklists/main/wildcard/gambling-onlydomains.txt
megacasinoworld.fun	Mega Casino World	https://raw.githubusercontent.com/hagezi/dns-blocklists/main/wildcard/gambling-onlydomains.txt
megacasinoworld.games	Mega Casino World	https://raw.githubusercontent.com/hagezi/dns-blocklists/main/wildcard/gambling-onlydomains.txt
megacasinoworld.site	Mega Casino World	https://raw.githubusercontent.com/hagezi/dns-blocklists/main/wildcard/gambling-onlydomains.txt
megacasinoworld.space	Mega Casino World	https://raw.githubusercontent.com/hagezi/dns-blocklists/main/wildcard/gambling-onlydomains.txt
megacasinoworldaffiliate.com	Mega Casino World	https://raw.githubusercontent.com/hagezi/dns-blocklists/main/wildcard/gambling-onlydomains.txt
megacasinoworldasia.com	Mega Casino World	https://raw.githubusercontent.com/hagezi/dns-blocklists/main/wildcard/gambling-onlydomains.txt
megacasinoworlddownload.com	Mega Casino World	https://raw.githubusercontent.com/hagezi/dns-blocklists/main/wildcard/gambling-onlydomains.txt
megacasinoworldlogin.info	Mega Casino World	https://raw.githubusercontent.com/hagezi/dns-blocklists/main/wildcard/gambling-onlydomains.txt
mostplay.fun	Mostplay	https://raw.githubusercontent.com/hagezi/dns-blocklists/main/wildcard/gambling-onlydomains.txt
mostplay.io	Mostplay	https://raw.githubusercontent.com/hagezi/dns-blocklists/main/wildcard/gambling-onlydomains.txt
mostplaycasino.pro	Mostplay	https://raw.githubusercontent.com/hagezi/dns-blocklists/main/wildcard/gambling-onlydomains.txt
mybanglabet.com	Banglabet	https://raw.githubusercontent.com/hagezi/dns-blocklists/main/wildcard/gambling-onlydomains.txt
nagad88-bangladesh.casino	Nagad88	https://raw.githubusercontent.com/hagezi/dns-blocklists/main/wildcard/gambling-onlydomains.txt
nagad88-online-casino.com	Nagad88	https://raw.githubusercontent.com/hagezi/dns-blocklists/main/wildcard/gambling-onlydomains.txt
nagad888-casino.com	Nagad88	https://raw.githubusercontent.com/hagezi/dns-blocklists/main/wildcard/gambling-onlydomains.txt
nagad88casino.sbs	Nagad88	https://raw.githubusercontent.com/hagezi/dns-blocklists/main/wildcard/gambling-onlydomains.txt
nagad88casinobd.net	Nagad88	https://raw.githubusercontent.com/hagezi/dns-blocklists/main/wildcard/gambling-onlydomains.txt
npmcwcasino.com	Mega Casino World	https://raw.githubusercontent.com/hagezi/dns-blocklists/main/wildcard/gambling-onlydomains.txt
npmegacasinoworld.com	Mega Casino World	https://raw.githubusercontent.com/hagezi/dns-blocklists/main/wildcard/gambling-onlydomains.txt
pkmcwcasino.com	Mega Casino World	https://raw.githubusercontent.com/hagezi/dns-blocklists/main/wildcard/gambling-onlydomains.txt
pkmegacasinoworld.com	Mega Casino World	https://raw.githubusercontent.com/hagezi/dns-blocklists/main/wildcard/gambling-onlydomains.txt
play-glorycasino-bd.com	Glory Casino	https://raw.githubusercontent.com/hagezi/dns-blocklists/main/wildcard/gambling-onlydomains.txt
raja-baji-casino-bd.com	Raja Baji	https://raw.githubusercontent.com/hagezi/dns-blocklists/main/wildcard/gambling-onlydomains.txt
raja-baji-casino-bd.net	Raja Baji	https://raw.githubusercontent.com/hagezi/dns-blocklists/main/wildcard/gambling-onlydomains.txt
rajabajicasino.asia	Baji	https://raw.githubusercontent.com/hagezi/dns-blocklists/main/wildcard/gambling-onlydomains.txt
rajabajicasino.click	Baji	https://raw.githubusercontent.com/hagezi/dns-blocklists/main/wildcard/gambling-onlydomains.txt
rajabetsbd.online	Rajabets	https://raw.githubusercontent.com/hagezi/dns-blocklists/main/wildcard/gambling-onlydomains.txt
six6s.world	Six6s	https://raw.githubusercontent.com/hagezi/dns-blocklists/main/wildcard/gambling-onlydomains.txt
six6s.xyz	Six6s	https://raw.githubusercontent.com/hagezi/dns-blocklists/main/wildcard/gambling-onlydomains.txt
six6sbd-casino.com	Six6s	https://raw.githubusercontent.com/hagezi/dns-blocklists/main/wildcard/gambling-onlydomains.txt
six6scasinobd.net	Six6s	https://raw.githubusercontent.com/hagezi/dns-blocklists/main/wildcard/gambling-onlydomains.txt
slotbajicasino.com	Baji	https://raw.githubusercontent.com/hagezi/dns-blocklists/main/wildcard/gambling-onlydomains.txt
slotsbetjili.com	Betjili	https://raw.githubusercontent.com/hagezi/dns-blocklists/main/wildcard/gambling-onlydomains.txt
slotscrickex.com	Crickex	https://raw.githubusercontent.com/hagezi/dns-blocklists/main/wildcard/gambling-onlydomains.txt
slotsjaya9.com	Jaya9	https://raw.githubusercontent.com/hagezi/dns-blocklists/main/wildcard/gambling-onlydomains.txt
slotsjeetbuzz.com	Jeetbuzz	https://raw.githubusercontent.com/hagezi/dns-blocklists/main/wildcard/gambling-onlydomains.txt
vn-megacasinoworld.com	Mega Casino World	https://raw.githubusercontent.com/hagezi/dns-blocklists/main/wildcard/gambling-onlydomains.txt
vncasinomcw19.com	Mega Casino World	https://raw.githubusercontent.com/hagezi/dns-blocklists/main/wildcard/gambling-onlydomains.txt
vnmcwcasino19.com	Mega Casino World	https://raw.githubusercontent.com/hagezi/dns-blocklists/main/wildcard/gambling-onlydomains.txt
vnmcwcasino678.com	Mega Casino World	https://raw.githubusercontent.com/hagezi/dns-blocklists/main/wildcard/gambling-onlydomains.txt
www-betjili365.com	Betjili	https://raw.githubusercontent.com/hagezi/dns-blocklists/main/wildcard/gambling-onlydomains.txt
www-betvisa.net	Betvisa	https://raw.githubusercontent.com/hagezi/dns-blocklists/main/wildcard/gambling-onlydomains.txt
www-jeetwinbd.com	Jeetwin	https://raw.githubusercontent.com/hagezi/dns-blocklists/main/wildcard/gambling-onlydomains.txt
www-linebet.com	Linebet	https://raw.githubusercontent.com/hagezi/dns-blocklists/main/wildcard/gambling-onlydomains.txt
wwwcv666.com	CV666	https://raw.githubusercontent.com/hagezi/dns-blocklists/main/wildcard/gambling-onlydomains.txt
xbajicasino.app	Baji	https://raw.githubusercontent.com/hagezi/dns-blocklists/main/wildcard/gambling-onlydomains.txt
xbajicasino.org	Baji	https://raw.githubusercontent.com/hagezi/dns-blocklists/main/wildcard/gambling-onlydomains.txt
