jeetbuzz.com	Jeetbuzz	https://jeetbuzzx.com/
jeetbuzzx.com	Jeetbuzz	https://jeetbuzzx.com/
jeetbuzz.plus	Jeetbuzz	https://jeetbuzz.plus/
jeetbuzz.buzz	Jeetbuzz	https://jeetbuzz.buzz/en/
jeetbuzz.org	Jeetbuzz	https://jeetbuzz.org/
jeetbuzz66.me	Jeetbuzz	https://jeetbuzz66.me/
jeetbuzz.win	Jeetbuzz	https://jeetbuzz.win/en/
getjeetbuzz.com	Jeetbuzz	https://jeetbuzz.lovable.app/blog/jeetbuzz-phishing-red-flags
jeetbuzz.lovable.app	Jeetbuzz	https://jeetbuzz.lovable.app/blog/jeetbuzz-phishing-red-flags
baji999bd.com	Baji	https://www.chaseyoursport.com/sports/baji-999-in-bangladesh-casino-and-sports-betting/10944
baji365live.com	Baji	https://www.baji365live.com/login.html
www-bajilive.com	Baji	https://www-bajilive.com/login/
bajilivebd.live	Baji	https://bajilivebd.live/
baji.com.bd	Baji	https://baji.com.bd/login/
baji-bd.com	Baji	https://baji-bd.com/
bajibets.net	Baji	https://bajibets.net/en-bd/
bajilive.app	Baji	https://bajilive.app/login/
bajilive.info	Baji	https://bajilive.info/en/
krikya.group	Krikya	https://theglobeandmail.com/investing/markets/markets-news/GlobePRWire/28704927/krikya-introduces-a-new-era-of-online-entertainment-with-diverse-gaming-options-in-bangladesh
krikya11.club	Krikya	https://uk.trustpilot.com/review/krikya11.club
krikya.me	Krikya	https://krikya.me/
krikya-login.org	Krikya	https://krikya-login.org/
krikyaappcasino.com	Krikya	https://krikyaappcasino.com/casino/
krikyas.com	Krikya	https://krikyas.com/
krikyabet.com	Krikya	https://krikyabet.com/login/
kirkya.com	Krikya	https://kirkya.com/
krikya-bn.com	Krikya	https://krikya-bn.com/en-bd/
krikya-bd.com	Krikya	https://krikya-bd.com/
babu88go.org	Babu88	https://babu88go.org/
babu88.group	Babu88	https://www.babu88.group/
babu88bgd.com	Babu88	https://babu88bgd.com/en-bd/
babu88casinobd.com	Babu88	https://babu88casinobd.com/app/
bdbabu88.com	Babu88	https://bdbabu88.com/app/
babu88-bangladesh.com	Babu88	https://babu88-bangladesh.com/
babu88.io	Babu88	https://www.babu88.io/
babu88.game	Babu88	https://babu88.game/en-bd/
six6schai.com	?Six6s	https://six6schai.com/
six6scasino.click	Six6s	https://six6scasino.click/
six6xbd.com	Six6s	https://six6xbd.com/en-bd/login/
six6s.support	Six6s	https://six6s.support/
six6s-bd.com	Six6s	https://six6s-bd.com/login/
six6s-bet.org	Six6s	https://six6s-bet.org/casino/
sixs6s.com	Six6s	https://sixs6s.com/
six6sapp.com	Six6s	https://six6sapp.com/
six6s.casino	Six6s	https://six6s.casino/
six6s-casino.com	Six6s	https://six6s-casino.com/
marvelbet-sign-up.com	Marvelbet	https://marvelbet-sign-up.com/
bjmarvelbet.com	Marvelbet	https://bjmarvelbet.com/en/
marvelbet-bangladesh1.com	Marvelbet	https://marvelbet-bangladesh1.com/login/
marvel-bet.com	Marvelbet	https://marvel-bet.com/
marvelbetcasino.bet	Marvelbet	https://www.marvelbetcasino.bet/
marvelbet.asia	Marvelbet	https://marvelbet.asia/
marvel-bet-bangladesh.com	Marvelbet	https://marvel-bet-bangladesh.com/sign-in/
crickexbd.global	Crickex	https://crickexbd.global/
crickex-bd.net	Crickex	https://crickex-bd.net/
crickexapp.co	Crickex	https://crickexapp.co/
crickexinbd.com	Crickex	https://crickexinbd.com/exchange/
crickex.bet	Crickex	https://www.crickex.bet/
cxwelcome.org	Crickex	https://cxwelcome.org/login/
cx-cricket.com	Crickex	https://cx-cricket.com/
crickex-bd.com	Crickex	https://crickex-bd.com/
crickexapp.com	Crickex	https://crickexapp.com/bd/en/account-login-quick
mcwbangladesh.co.com	Mega Casino World	https://mcwbangladesh.co.com/
mcw-official.com	Mega Casino World	https://bd.mcw-official.com/
mcw-casino-bd.com	Mega Casino World	https://mcw-casino-bd.com/
megacasino-mcw.com	Mega Casino World	https://www.megacasino-mcw.com/
mcw-bangladesh.net	Mega Casino World	https://mcw-bangladesh.net/login/
mcw-bangladesh.org	Mega Casino World	https://mcw-bangladesh.org/
mcw-bangladesh.com	Mega Casino World	https://mcw-bangladesh.com/login/
mcw-cricket.com	Mega Casino World	https://mcw-cricket.com/
casinomcwbangladesh.win	Mega Casino World	https://casinomcwbangladesh.win/
jaya9c.com	Jaya9	https://jaya9c.com/
jaya9bdt.cc	Jaya9	https://jaya9bdt.cc/
jaya9-com.com	Jaya9	https://jaya9-com.com/login/
jaya9bd.app	Jaya9	https://jaya9bd.app/login/
jaya9.net	Jaya9	https://jaya9.net/
jaya-9bd.com	Jaya9	https://jaya-9bd.com/
jaya9.cc	Jaya9	https://www.jaya9.cc/
jaya9bd.win	Jaya9	https://jaya9bd.win/jaya9-login/
nagad88casino-bangladesh.com	Nagad88	https://nagad88casino-bangladesh.com/login/
nagad88-bd.click	Nagad88	https://nagad88-bd.click/en-bd/
agnagad88.com	Nagad88	https://agnagad88.com/
nagad88.bet	Nagad88	https://nagad88.bet/
nagad88.now	Nagad88	https://nagad88.now/
nagad88bd.net	Nagad88	https://nagad88bd.net/login/
nagad88-bd.com	Nagad88	https://nagad88-bd.com/
nagad88.lol	Nagad88	https://nagad88.lol/
bhaggologin.org	Bhaggo	https://bhaggologin.org/
bhaggbd.com	Bhaggo	https://bhaggbd.com/
bhagg.bet	Bhaggo	https://bhagg.bet/login/
bhaggobet.net	Bhaggo	https://bhaggobet.net/login/
bhaggo-casino-bd.com	Bhaggo	https://bhaggo-casino-bd.com/
bhaggo-bd.com	Bhaggo	https://bhaggo-bd.com/login/
bhaggocasino.net	Bhaggo	https://bhaggocasino.net/
bhaggocasino-bangladesh.com	Bhaggo	https://bhaggocasino-bangladesh.com/login/
bhaggoo.com	Bhaggo	https://bhaggoo.com/
cv666.co.com	CV666	https://cv666.co.com/
cv666digital.net	CV666	https://cv666digital.net/
bdcv666.com	CV666	https://bdcv666.com/
cv666kora.com	CV666	https://cv666kora.com/en/
cv666chai.com	CV666	https://cv666chai.com/
cv666-win.com	CV666	https://cv666-win.com/sign-in/
cv666official.com	CV666	https://cv666official.com/login/
cv666promo.com	CV666	https://cv666promo.com/
cv666game.app	CV666	https://cv666game.app/cv666-game-login/
mostplay.co.com	Mostplay	https://mostplay.co.com/
mostplaycasino.co.com	Mostplay	https://mostplaycasino.co.com/
mostplaybangladesh.io	Mostplay	https://mostplaybangladesh.io/
mostplay.casino	Mostplay	https://mostplay.casino/
mostplay-bds.com	Mostplay	https://mostplay-bds.com/mostplay-login/
mostplaybd.net	Mostplay	https://mostplaybd.net/
mostplay-bd.com	Mostplay	https://mostplay-bd.com/
betvisu.com	Betvisa	https://betvisu.com/
btvs24.com	Betvisa	https://btvs24.com/
bet-vlsa.com	Betvisa	https://bet-vlsa.com/sign-in/
betvisacasinobd.com	Betvisa	https://betvisacasinobd.com/
betvisabangladesh.net	Betvisa	https://betvisabangladesh.net/
btvs1.com	Betvisa	https://btvs1.com/
bv.casino	Betvisa	https://bv.casino/
bv88visa.com	Betvisa	https://bv88visa.com/bd/en/account-login-quick
betvisa.com	Betvisa	https://raw.githubusercontent.com/hagezi/dns-blocklists/main/wildcard/gambling-onlydomains.txt
jeetwin.gg	Jeetwin	https://jeetwin.gg/en-bd/
jeet-win-bd.com	Jeetwin	https://jeet-win-bd.com/
jw.casino	Jeetwin	https://jw.casino/
jeetwin.download	Jeetwin	https://jeetwin.download/login/
jeetwin-bd.net	Jeetwin	https://jeetwin-bd.net/login/
jeetwin-bangladesh.com	Jeetwin	https://jeetwin-bangladesh.com/
jeetwin.group	Jeetwin	https://jeetwin.group/
jeetwinbdt.com	Jeetwin	https://jeetwinbdt.com/
jeetwin-bd.pro	Jeetwin	https://jeetwin-bd.pro/
jeetwin.bet	Jeetwin	https://jeetwin.bet/en-bd/
jeetwin.com	Jeetwin	https://raw.githubusercontent.com/hagezi/dns-blocklists/main/wildcard/gambling-onlydomains.txt
khela88.global	Khela88	https://khela88.global/en/khela88-login-en/
khela88.group	Khela88	https://khela88.group/en/
khela88chai.com	Khela88	https://khela88chai.com/
khela88live.com	Khela88	https://www.khela88live.com/login/
khela88.casino	Khela88	https://khela88.casino/
khela88login.net	Khela88	https://khela88login.net/en/home/
khela88.top	Khela88	https://khela88.top/login/
glory-casino.eu.com	Glory Casino	https://glory-casino.eu.com/
gloorycasino.com	Glory Casino	https://gloorycasino.com/en-bd/
bd-glorycasino.com	Glory Casino	https://bd-glorycasino.com/
bangladesh-glory-casino.com	Glory Casino	https://bangladesh-glory-casino.com/en/login/
glorycasinobangla.com	Glory Casino	https://glorycasinobangla.com/login/
glorys-casino.com	Glory Casino	https://glorys-casino.com/
glory-casinos1.com	Glory Casino	https://glory-casinos1.com/login/
gloryscasino.com	Glory Casino	https://gloryscasino.com/
playglorycasino.com	Glory Casino	https://playglorycasino.com/signup
betjili-bangladesh.com	Betjili	https://betjili-bangladesh.com/login/
betjili-official.com	Betjili	https://betjili-official.com/casino/
betjili-casino-bd.com	Betjili	https://betjili-casino-bd.com/
betjililogin.net	Betjili	https://betjililogin.net/
betjiliofficial.org	Betjili	https://betjiliofficial.org/login/
betjili.bet	Betjili	https://www.betjili.bet/
betjilibd.com	Betjili	https://www.betjilibd.com/
velkiag.com	Velki (agent list)	https://www.velkiag.com/
velkiax123.com	Velki (agent list)	https://www.velkiax123.com/velkieagent.com/home.html
velkieagent.com	?Velki (agent list)	https://www.velkiax123.com/velkieagent.com/home.html
velkii123.bet	Velki (agent list)	https://velkii123.bet/
velkie.net	Velki	https://velkie.net/velki-live/
veelki.live	Velki	https://veelki.live/
velki123live.com	Velki	https://velki123live.com/login
bigwinbuzz.com	?Winbuzz (BigWinBuzz)	https://bigwinbuzz.com/
bigwinbuzz.bet	?Winbuzz (BigWinBuzz)	https://bigwinbuzz.bet/en/login
winbuzzcric.com	Winbuzz	https://winbuzzcric.com/
winbuzz.cloud	Winbuzz	https://winbuzz.cloud/
winbuzz.company	Winbuzz	https://winbuzz.company/
winbuzz1.net	Winbuzz	https://www.winbuzz1.net/
bdtbet.bet	Bdtbet	https://bdtbet.bet/
bdtbet.net	Bdtbet	https://bdtbet.net/app
betsbdt.com	BetBDT	https://betsbdt.com/
bet-bdt.games	BetBDT	https://bet-bdt.games/
betbdtchai.com	BetBDT	https://betbdtchai.com/
betbdt-betbdt.com	BetBDT	https://betbdt-betbdt.com/
betbdtlive.com	BetBDT	https://betbdtlive.com/
banglabet88.net	Banglabet88	https://banglabet88.net/
betwinner-ivory-coast.net	BetWinner	https://guidebook.betwinner.com/mirror/
betwinner-burkina-faso.net	BetWinner	https://guidebook.betwinner.com/mirror/
betwinner-congo.net	BetWinner	https://guidebook.betwinner.com/mirror/
betwinner-cameroon.org	BetWinner	https://guidebook.betwinner.com/mirror/
betwinner-india1.org	BetWinner	https://guidebook.betwinner.com/mirror/
betwinner-somalia.com	BetWinner	https://guidebook.betwinner.com/mirror/
betwinner-nigeria.net	BetWinner	https://guidebook.betwinner.com/mirror/
pakistan-betwinner.net	BetWinner	https://guidebook.betwinner.com/mirror/
betwinner-zambia.net	BetWinner	https://guidebook.betwinner.com/mirror/
betwinner-bangladesh.net	BetWinner	https://guidebook.betwinner.com/mirror/
betwinner-morocco.org	BetWinner	https://guidebook.betwinner.com/mirror/
betwinner-uzbekistan.org	BetWinner	https://guidebook.betwinner.com/mirror/
betwinner-argentina.org	BetWinner	https://guidebook.betwinner.com/mirror/
betwinner-benin.net	BetWinner	https://guidebook.betwinner.com/mirror/
betwinner-kenya.net	BetWinner	https://guidebook.betwinner.com/mirror/
betwinner.com	BetWinner	https://guidebook.betwinner.com/mirror/
winbuzz.com	Winbuzz	https://gamblingbd.com/sites/winbuzz/
gamblingbd.com	BD gambling review/affiliate site	https://gamblingbd.com/sites/winbuzz/
betwinner-bangladesh.org	BetWinner	https://betwinner-bangladesh.org/
bwbangladesh.com	BetWinner	https://bwbangladesh.com/
betwinner1-bd.com	BetWinner	https://betwinner1-bd.com/
betwinnerappdownload.com	BetWinner	https://betwinnerappdownload.com/betwinner-login
bangladesh-betwinner.pro	BetWinner	https://bangladesh-betwinner.pro/
betwinnerbd.bet	BetWinner	https://betwinnerbd.bet/
betwinner-bangladesh.app	BetWinner	https://betwinner-bangladesh.app/login/
betwinnerwiki.com	BetWinner	https://betwinnerwiki.com/bangladesh/
1xlite-03801.world	1xBet	https://www.altbetlink.com/1xbet-alternative-link-bangladesh/
1xbet-official.mn	1xBet	https://www.altbetlink.com/1xbet-alternative-link-bangladesh/
altbetlink.com	Betting mirror-link affiliate site	https://www.altbetlink.com/1xbet-alternative-link-bangladesh/
1xbet.com	1xBet	https://main-bet.com/bonuses/bangladesh/7632-1xbet-bd-mirror-link-to-site-visit-1xbetcom-without-restrictions-in-bangladesh.html
1xbet-bet.org	1xBet	https://1xbet-bet.org/1xbet-alternative-link-to-get-access-to-the-betting-services/
1xbat-bd.com	1xBet	https://1xbat-bd.com/
mirrorsites.bet	Betting mirror-link affiliate site	https://www.mirrorsites.bet/1xbet/
1xbet-bangladesh.net	1xBet	https://1xbet-bangladesh.net/1xbet-alternative-link-safe-and-lucrative-betting/
1xbetsports-bd.net	1xBet	https://1xbetsports-bd.net/what-is-the-1xbet-alternative-link-and-why-do-you-need-it/
1xbet-bd.biz	1xBet	https://1xbet-bd.biz/1xbet-alternative-link-bangladesh/
1xbet-win.net	1xBet	https://1xbet-win.net/what-is-1xbet-alternative-link-and-why-it-is-necessary/
main-bet.com	Betting affiliate site	https://main-bet.com/bonuses/bangladesh/7632-1xbet-bd-mirror-link-to-site-visit-1xbetcom-without-restrictions-in-bangladesh.html
mostbet-bd-bookmaker.com	Mostbet	https://mostbet-bd-bookmaker.com/en/mostbet-bd41/
mostbet-bd.casino	Mostbet	https://mostbet-bd.casino/en/mostbet-mirrors/
mostbet-bangladesh.bet	Mostbet	https://mostbet-bangladesh.bet/en/mostbet-3/
mostbet-play-bd.com	Mostbet	https://mostbet-play-bd.com/en/
mostbetbd.asia	Mostbet	https://mostbetbd.asia/login/
melbet57811.shop	Melbet	http://melbet57811.shop/
melbet55504.online	Melbet	http://melbet55504.online/
melbet19022.shop	Melbet	http://melbet19022.shop/
melbet42715.shop	Melbet	http://melbet42715.shop/
melbet17972.shop	Melbet	http://melbet17972.shop/
melbet64624.online	Melbet	http://melbet64624.online/
melbet78897.shop	Melbet	http://melbet78897.shop/
melbet97946.online	Melbet	http://melbet97946.online/
betlinesbd.com	Linebet	https://betlinesbd.com/app/
linebet-bangladesh.com	Linebet	https://linebet-bangladesh.com/en/mobile
1linebet.com	Linebet	https://1linebet.com/en/mobile
line-bet.net	Linebet	https://line-bet.net/app/
linebet-bd.net	Linebet	https://linebet-bd.net/app/
linebetbangladesh.net	Linebet	https://linebetbangladesh.net/en/app/
linebet-bangladesh.net	Linebet	https://linebet-bangladesh.net/mobile-app/
linebet.com	Linebet	https://raw.githubusercontent.com/hagezi/dns-blocklists/main/wildcard/gambling-onlydomains.txt
jwin7casino.info	Jwin7	https://jwin7casino.info/
jw7a.art	Jwin7	https://jw7a.art/
jwin7.co	Jwin7	https://jwin7.co/
jwins7.com	Jwin7	https://jwins7.com/
jwin7.bet	Jwin7	https://jwin7.bet/
jwin7-bd.live	Jwin7	https://jwin7-bd.live/
jwin7-casino.com	Jwin7	https://jwin7-casino.com/
bdbet.net	BD betting review/affiliate site	https://bdbet.net/bookmakers/jwin7/
bettingsitesbangladesh.net	BD betting review/affiliate site	https://bettingsitesbangladesh.net/jwin7/
bd-bet.net	BD betting review/affiliate site	https://bd-bet.net/bookmakers/darazplay/
www-heybaji.org	HeyBaji	https://www-heybaji.org/
heybaji.dev	HeyBaji	https://heybaji.dev/login/
heybajicasino.net	HeyBaji	https://heybajicasino.net/
hey-baji.bet	HeyBaji	https://hey-baji.bet/
heybajibet.com	HeyBaji	https://heybajibet.com/
casinoheybaji.com	HeyBaji	https://casinoheybaji.com/
hey-baji.vip	HeyBaji	https://hey-baji.vip/
heybaji.top	HeyBaji	https://heybaji.top/
heybajii.com	HeyBaji	https://heybajii.com/
bajiok-bet.com	BajiOk	https://bajiok-bet.com/online-casino/
daraz-casino.com	DarazPlay	https://daraz-casino.com/
darazplayz.com	DarazPlay	https://darazplayz.com/
darazplay-bd.com	DarazPlay	https://darazplay-bd.com/
darazplay.bet	DarazPlay	https://darazplay.bet/
darazplay.casino	DarazPlay	https://darazplay.casino/app/
casinokheli.net	Kheli.bet	https://casinokheli.net/
kheli.bet	Kheli.bet	https://kheli.bet/
khelovip.org	KheloVIP	https://khelovip.org/
khelovip.bet	KheloVIP	https://khelovip.bet/
khelovipbet.com	KheloVIP	https://khelovipbet.com/
bhai-88.com	Bhai88	https://bhai-88.com/
bhai88casino.com	Bhai88	https://bhai88casino.com/
bhai88chai.com	Bhai88	https://bhai88chai.com/
bhai88.bet	Bhai88	https://bhai88.bet/
bhaii88.com	Bhai88	https://bhaii88.com/login/
bhai888.com	Bhai88	https://bhai888.com/
bhai88.live	Bhai88	https://www.bhai88.live/en-BD/casino
official-lotus365.org	?Lotus365	https://au.trustpilot.com/review/official-lotus365.org
velkio.com	Velki (agent list)	https://velkio.com/
velkiageantlist.com	Velki (agent list)	https://velkiageantlist.com/velki-super-agent-list/
velkieagents.com	Velki (agent list)	https://velkieagents.com/
velkiiagentslist.com	Velki (agent list)	https://velkiiagentslist.com/
veelkiagentlist.com	Velki (agent list)	https://veelkiagentlist.com/
velki-agentslist.com	Velki (agent list)	https://velki-agentslist.com/
velkiiagentlist.com	Velki (agent list)	https://velkiiagentlist.com/
valkiagentlist.com	Velki (agent list)	https://valkiagentlist.com/
velkiagentid.com	Velki (agent list)	https://velkiagentid.com/
velkiagentlist-velki-live-velki123-9xbet-1xbet-bajilive.com	Velki (agent list)	https://raw.githubusercontent.com/hagezi/dns-blocklists/main/wildcard/gambling-onlydomains.txt
velki.life	Velki	https://raw.githubusercontent.com/hagezi/dns-blocklists/main/wildcard/gambling-onlydomains.txt
velkieex123.live	Velki	https://raw.githubusercontent.com/hagezi/dns-blocklists/main/wildcard/gambling-onlydomains.txt
onlinecasinoreportsbd.com	Bangla casino review/affiliate site	https://www.onlinecasinoreportsbd.com/
mightytips.guide	Betting tips/affiliate site (Bangla edition bd.mightytips.guide)	https://bd.mightytips.guide/onlain-kasino/
mightytips.com	Betting tips/affiliate site (BD pages)	https://www.mightytips.com/bookmakers/betting-sites-in-bangladesh/
bwin365.club	?bwin365 (Bangla casino search result)	https://bwin365.club/
jitaace.io	?JitaAce	https://www.jitaace.io/member/deposit/category
mostbet.com	Mostbet	https://raw.githubusercontent.com/hagezi/dns-blocklists/main/wildcard/gambling-onlydomains.txt
melbet.com	Melbet	https://raw.githubusercontent.com/hagezi/dns-blocklists/main/wildcard/gambling-onlydomains.txt
paripesa.com	Paripesa	https://raw.githubusercontent.com/hagezi/dns-blocklists/main/wildcard/gambling-onlydomains.txt
22bet.com	22Bet	https://raw.githubusercontent.com/hagezi/dns-blocklists/main/wildcard/gambling-onlydomains.txt
20bet.com	20Bet	https://raw.githubusercontent.com/hagezi/dns-blocklists/main/wildcard/gambling-onlydomains.txt
dafabet.com	Dafabet	https://raw.githubusercontent.com/hagezi/dns-blocklists/main/wildcard/gambling-onlydomains.txt
megapari.com	Megapari	https://raw.githubusercontent.com/hagezi/dns-blocklists/main/wildcard/gambling-onlydomains.txt
10cric.com	10Cric	https://raw.githubusercontent.com/hagezi/dns-blocklists/main/wildcard/gambling-onlydomains.txt
bc.game	BC.Game	https://raw.githubusercontent.com/hagezi/dns-blocklists/main/wildcard/gambling-onlydomains.txt
parimatch.com	Parimatch	https://raw.githubusercontent.com/hagezi/dns-blocklists/main/wildcard/gambling-onlydomains.txt
1xcasino.com	1xCasino	https://raw.githubusercontent.com/hagezi/dns-blocklists/main/wildcard/gambling-onlydomains.txt
888starz.bet	888Starz	https://raw.githubusercontent.com/hagezi/dns-blocklists/main/wildcard/gambling-onlydomains.txt
helabet.com	Helabet	https://raw.githubusercontent.com/hagezi/dns-blocklists/main/wildcard/gambling-onlydomains.txt
sapphirebet.com	Sapphirebet	https://raw.githubusercontent.com/hagezi/dns-blocklists/main/wildcard/gambling-onlydomains.txt
betongame.com	BetOnGame	https://raw.githubusercontent.com/hagezi/dns-blocklists/main/wildcard/gambling-onlydomains.txt
roobet.com	Roobet	https://raw.githubusercontent.com/hagezi/dns-blocklists/main/wildcard/gambling-onlydomains.txt
spinbetter.com	SpinBetter	https://raw.githubusercontent.com/hagezi/dns-blocklists/main/wildcard/gambling-onlydomains.txt
bilbet.com	Bilbet	https://raw.githubusercontent.com/hagezi/dns-blocklists/main/wildcard/gambling-onlydomains.txt
betandreas.com	BetAndreas	https://raw.githubusercontent.com/hagezi/dns-blocklists/main/wildcard/gambling-onlydomains.txt
ivibet.com	Ivibet	https://raw.githubusercontent.com/hagezi/dns-blocklists/main/wildcard/gambling-onlydomains.txt
leon.bet	Leon.bet	https://raw.githubusercontent.com/hagezi/dns-blocklists/main/wildcard/gambling-onlydomains.txt
fairpari.com	FairPari	https://raw.githubusercontent.com/hagezi/dns-blocklists/main/wildcard/gambling-onlydomains.txt
planbet.com	PlanBet	https://raw.githubusercontent.com/hagezi/dns-blocklists/main/wildcard/gambling-onlydomains.txt
2up.io	2UP	https://raw.githubusercontent.com/hagezi/dns-blocklists/main/wildcard/gambling-onlydomains.txt
bet365.com	Bet365	https://raw.githubusercontent.com/hagezi/dns-blocklists/main/wildcard/gambling-onlydomains.txt
betway.com	Betway	https://raw.githubusercontent.com/hagezi/dns-blocklists/main/wildcard/gambling-onlydomains.txt
betlabel.com	BetLabel	https://raw.githubusercontent.com/hagezi/dns-blocklists/main/wildcard/gambling-onlydomains.txt
hellspin.com	Hellspin	https://raw.githubusercontent.com/hagezi/dns-blocklists/main/wildcard/gambling-onlydomains.txt
pin-up.casino	Pin-Up	https://raw.githubusercontent.com/hagezi/dns-blocklists/main/wildcard/gambling-onlydomains.txt
stake.com	Stake	https://raw.githubusercontent.com/hagezi/dns-blocklists/main/wildcard/gambling-onlydomains.txt
fun88.com	?Fun88	https://raw.githubusercontent.com/hagezi/dns-blocklists/main/wildcard/gambling-onlydomains.txt
4rabet.com	4rabet	https://raw.githubusercontent.com/hagezi/dns-blocklists/main/wildcard/gambling-onlydomains.txt
rajabets.com	?Rajabets	https://raw.githubusercontent.com/hagezi/dns-blocklists/main/wildcard/gambling-onlydomains.txt
1win.com	1win	https://raw.githubusercontent.com/hagezi/dns-blocklists/main/wildcard/gambling-onlydomains.txt
1win.pro	1win	https://raw.githubusercontent.com/hagezi/dns-blocklists/main/wildcard/gambling-onlydomains.txt
marvelbet.com	Marvelbet	https://raw.githubusercontent.com/hagezi/dns-blocklists/main/wildcard/gambling-onlydomains.txt
bj88.com	?BJ88	https://raw.githubusercontent.com/hagezi/dns-blocklists/main/wildcard/gambling-onlydomains.txt
29winbd.com	29Win	https://bettingsiteinbangladesh.com/betting-sites-in-bangladesh/
bettingsiteinbangladesh.com	BD betting review/affiliate site	https://bettingsiteinbangladesh.com/betting-sites-in-bangladesh/
bettingbangladesh.net	BD betting review/affiliate site	https://bettingbangladesh.net/en-bd/betting-sites/
jeetbuzzchai.com	Jeetbuzz	https://jeetbuzzchai.com/
jeetbuzz168.com	Jeetbuzz	https://www.jeetbuzz168.com/
rabona.com	Rabona	https://raw.githubusercontent.com/hagezi/dns-blocklists/main/wildcard/gambling-onlydomains.txt
vbet.com	Vbet	https://raw.githubusercontent.com/hagezi/dns-blocklists/main/wildcard/gambling-onlydomains.txt
sportsbet.io	Sportsbet.io	https://raw.githubusercontent.com/hagezi/dns-blocklists/main/wildcard/gambling-onlydomains.txt
betobet.com	BetOBet	https://raw.githubusercontent.com/hagezi/dns-blocklists/main/wildcard/gambling-onlydomains.txt
purewin.com	PureWin	https://raw.githubusercontent.com/hagezi/dns-blocklists/main/wildcard/gambling-onlydomains.txt
bovada.lv	Bovada	https://raw.githubusercontent.com/hagezi/dns-blocklists/main/wildcard/gambling-onlydomains.txt
baji.live	Baji	https://www.baji.live/bd/en/casino
baji-live1.com	Baji	https://baji-live1.com/
bajilive.ink	Baji	https://bajilive.ink/
bajilives.com	Baji	https://bajilives.com/
bd-bajilive.com	Baji	https://bd-bajilive.com/aviator/
mostbet-bangla.org	Mostbet	https://mostbet-bangla.org/aviator/
aviator-game-bangladesh.org	Aviator promo (BD)	https://aviator-game-bangladesh.org/en-bd/
aviatorgameslot.com	Aviator promo (BD)	https://www.aviatorgameslot.com/
aviatorgamebd.com	Aviator promo (BD)	https://aviatorgamebd.com/
aviatorplaybd.com	Aviator promo (BD)	https://aviatorplaybd.com/
glorycasinobangladesh.net	Glory Casino	https://glorycasinobangladesh.net/aviator/
crashpilothub.com	Aviator promo (BD)	https://crashpilothub.com/aviator/
aviators.game	Aviator promo (BD)	https://aviators.game/bangladesh/
crazy-time-bangaldesh.com	Crazy Time promo (BD)	https://crazy-time-bangaldesh.com/en-bd/
savannahepc.org	?Crazy Time promo (BD) - repurposed former org domain	https://www.savannahepc.org/
indopact.org	?Crazy Time promo (BD) - repurposed former org domain	https://indopact.org/en-bd/
livecrazytime-bd.com	Crazy Time promo (BD)	https://livecrazytime-bd.com/en-bd/
bdcrazytime.com	Crazy Time promo (BD)	https://bdcrazytime.com/
crazytime-bd.com	Crazy Time promo (BD)	https://crazytime-bd.com/
crazytimebd.net	Crazy Time promo (BD)	https://crazytimebd.net/
crazytimelive.mobi	Crazy Time promo (BD)	https://crazytimelive.mobi/en-bd
krikyalivecasino.com	Krikya	https://www.trustpilot.com/review/krikyalivecasino.com
krikyaloginbd.com	Krikya	https://krikyaloginbd.com/casino-online
krikyas-bn.com	Krikya	https://krikyas-bn.com/casino/
krikyacasino.bet	Krikya	https://www.krikyacasino.bet/
krikyalogincasino.com	Krikya	https://krikyalogincasino.com/
krikya-club.com	Krikya	https://krikya-club.com/live-casino/
krikya.vip	Krikya	https://krikya.vip/
www-babu888.com	Babu88	https://www-babu888.com/live-casino/
babu88bet.com	Babu88	https://babu88bet.com/
babu88.com	Babu88	https://www-babu888.com/live-casino/
jeetbuzztop.com	Jeetbuzz	https://es.trustpilot.com/review/jeetbuzztop.com
jeetbuzz123.gb.net	Jeetbuzz	https://gridinsoft.com/online-virus-scanner/url/jeetbuzz123-gb-net
jeetbuzz66.gb.net	Jeetbuzz	https://gridinsoft.com/online-virus-scanner/url/jeetbuzz66-gb-net
jeedbuzz.bet	?Jeetbuzz	https://gridinsoft.com/online-virus-scanner/url/jeedbuzz-bet
mcw-bang1adesh.com	Mega Casino World	https://mcw-bang1adesh.com/
mcw.game	Mega Casino World	https://mcw.game/app-download
casino-mcw.app	Mega Casino World	https://casino-mcw.app/
mega-casino.app	Mega Casino World	https://mega-casino.app/
mcwbdlogin.games	Mega Casino World	https://mcwbdlogin.games/download/
mcw-login.com	Mega Casino World	https://mcw-login.com/app/
bettingsite-bd.com	BD betting review/affiliate site	https://bettingsite-bd.com/mega-casino-world/mega-casino-world-app/
betjili-cricket.com	Betjili / Betbuzz365 promo	https://www.betjili-cricket.com/betbuzz365/
www-betbuzz365.com	Betbuzz365	https://www-betbuzz365.com/
betbuzz365.world	Betbuzz365	https://betbuzz365.world/
betbuzz365pro.com	Betbuzz365	https://betbuzz365pro.com/en/sports
betbuzz365.life	Betbuzz365	https://betbuzz365.life/
bajilive.pro	Baji / Betfast365 promo	https://bajilive.pro/betfast365/
bettingsitebangladesh.com	BD betting review/affiliate site	https://bettingsitebangladesh.com/
jitabet.com	JitaBet	https://www.jitabet.com/en/jitabet-login/
jitawin.bet	JitaWin	https://www.jitawin.bet/
jitaweb.com	JitaBet	https://www.jitaweb.com/
jitago.net	JitaGo	https://www.jitago.net/jitago-register/
jitabet-bd.net	JitaBet	https://jitabet-bd.net/en-bd/
jitabet.cloud	JitaBet	https://www.jitabet.cloud/en/
jaya9.co	Jaya9	https://jaya9.co/
baji888.io	Baji888	https://baji888.io/
7j777-baji.com	7J777	https://7j777-baji.com/en/
baji88.com	Baji88	https://www.baji88.com/
7j777a.org	7J777	https://7j777a.org/
bn88live.com	?BN88	https://bn88live.com/
abbabetdbbl.com	Abbabet	https://abbabetdbbl.com/
abbabetlive.com	Abbabet	https://abbabetlive.com/
abbabetnagad.com	Abbabet	https://abbabetnagad.com/
xlink.cn.com	?Baji365	https://xlink.cn.com/
4823.cn.com	?Babu88	https://4823.cn.com/
jeetbuzz-bd.org	Jeetbuzz	https://jeetbuzz-bd.org/bd-en/
jeetsbuzz.com	Jeetbuzz	https://jeetsbuzz.com/
